NEED_2_TEST,ID,SENSOR_TYPE,D_STATE,D_TRIGGER,D_SLEEP_TIME_1,R_GW_SIREN_1,R_SYSTEM_STATE_1,R_EVENT,D_SLEEP_TIME_2,IS_KEYFOB,D_STATE_2,R_GW_SIREN_2,R_SYSTEM_STATE_2,R_EVENT_2,R_CLIP_FILE
N,1,DWS,DISARM,OFFLINE,10,NO_SOUND,DISARM,NO_CHK,10,N,AWAY_ARM,NO_SOUND,EXIT_DELAY,20014,N
N,2,DWS,DISARM,OFFLINE,10,NO_SOUND,DISARM,NO_CHK,10,Y,AWAY_ARM,NO_SOUND,EXIT_DELAY,20014,N
N,3,DWS,DISARM,OFFLINE,10,NO_SOUND,DISARM,NO_CHK,10,N,STAY_ARM,NO_SOUND,STAY_ARM,20003,N
N,4,DWS,DISARM,OFFLINE,10,NO_SOUND,DISARM,NO_CHK,10,Y,STAY_ARM,NO_SOUND,STAY_ARM,20003,N
N,5,DWS,DISARM,OFFLINE,10,NO_SOUND,DISARM,NO_CHK,10,N,DISARM,NO_SOUND,DISARM,20007,N
N,6,DWS,DISARM,OFFLINE,10,NO_SOUND,DISARM,NO_CHK,10,Y,DISARM,NO_SOUND,DISARM,20007,N
N,7,DWS,DISARM,OFFLINE,10,NO_SOUND,DISARM,NO_CHK,10,NOTHING,NOTHING,NO_SOUND,DISARM,NO_CHK,N
N,8,DWS,DISARM,OFFLINE,60,NO_SOUND,DISARM,NO_CHK,140,N,AWAY_ARM,NO_SOUND,EXIT_DELAY,20014,N
N,9,DWS,DISARM,OFFLINE,60,NO_SOUND,DISARM,NO_CHK,140,Y,AWAY_ARM,NO_SOUND,EXIT_DELAY,20014,N
N,10,DWS,DISARM,OFFLINE,60,NO_SOUND,DISARM,NO_CHK,140,N,STAY_ARM,NO_SOUND,STAY_ARM,20003,N
N,11,DWS,DISARM,OFFLINE,60,NO_SOUND,DISARM,NO_CHK,140,Y,STAY_ARM,NO_SOUND,STAY_ARM,20003,N
N,12,DWS,DISARM,OFFLINE,60,NO_SOUND,DISARM,NO_CHK,140,N,DISARM,NO_SOUND,DISARM,20007,N
N,13,DWS,DISARM,OFFLINE,60,NO_SOUND,DISARM,NO_CHK,140,Y,DISARM,NO_SOUND,DISARM,20007,N
N,14,DWS,DISARM,OFFLINE,60,NO_SOUND,DISARM,NO_CHK,140,NOTHING,NOTHING,NO_SOUND,DISARM,NO_CHK,N
N,15,DWS,DISARM,OFFLINE,60,NO_SOUND,DISARM,NO_CHK,250,N,AWAY_ARM,NO_SOUND,EXIT_DELAY,20014,N
N,16,DWS,DISARM,OFFLINE,60,NO_SOUND,DISARM,NO_CHK,250,Y,AWAY_ARM,NO_SOUND,EXIT_DELAY,20014,N
N,17,DWS,DISARM,OFFLINE,60,NO_SOUND,DISARM,NO_CHK,250,N,STAY_ARM,NO_SOUND,STAY_ARM,20003,N
N,18,DWS,DISARM,OFFLINE,60,NO_SOUND,DISARM,NO_CHK,250,Y,STAY_ARM,NO_SOUND,STAY_ARM,20003,N
N,19,DWS,DISARM,OFFLINE,60,NO_SOUND,DISARM,NO_CHK,250,N,DISARM,NO_SOUND,DISARM,20007,N
N,20,DWS,DISARM,OFFLINE,60,NO_SOUND,DISARM,NO_CHK,250,Y,DISARM,NO_SOUND,DISARM,20007,N
N,21,DWS,DISARM,OFFLINE,60,NO_SOUND,DISARM,NO_CHK,250,NOTHING,NOTHING,NO_SOUND,DISARM,NO_CHK,N
,22,DWS,DISARM,OPEN_CLOSE,10,NO_SOUND,DISARM,NO_CHK,10,N,AWAY_ARM,NO_SOUND,EXIT_DELAY,20014,N
,23,DWS,DISARM,OPEN_CLOSE,10,NO_SOUND,DISARM,NO_CHK,10,N,STAY_ARM,NO_SOUND,STAY_ARM,20003,N
,24,DWS,DISARM,OPEN_CLOSE,10,NO_SOUND,DISARM,NO_CHK,10,N,DISARM,NO_SOUND,DISARM,20007,N
,25,DWS,DISARM,OPEN_CLOSE,10,NO_SOUND,DISARM,NO_CHK,10,Y,AWAY_ARM,NO_SOUND,EXIT_DELAY,20014,N
,26,DWS,DISARM,OPEN_CLOSE,10,NO_SOUND,DISARM,NO_CHK,10,Y,STAY_ARM,NO_SOUND,STAY_ARM,20003,N
,27,DWS,DISARM,OPEN_CLOSE,10,NO_SOUND,DISARM,NO_CHK,10,Y,DISARM,NO_SOUND,DISARM,20007,N
,28,DWS,DISARM,OPEN_CLOSE,10,NO_SOUND,DISARM,NO_CHK,10,NOTHING,NOTHING,NO_SOUND,DISARM,NO_CHK,N
,29,DWS,DISARM,OPEN_CLOSE,60,NO_SOUND,DISARM,NO_CHK,140,N,AWAY_ARM,NO_SOUND,EXIT_DELAY,20014,N
,30,DWS,DISARM,OPEN_CLOSE,60,NO_SOUND,DISARM,NO_CHK,140,N,STAY_ARM,NO_SOUND,STAY_ARM,20003,N
,31,DWS,DISARM,OPEN_CLOSE,60,NO_SOUND,DISARM,NO_CHK,140,N,DISARM,NO_SOUND,DISARM,20007,N
,32,DWS,DISARM,OPEN_CLOSE,60,NO_SOUND,DISARM,NO_CHK,140,Y,AWAY_ARM,NO_SOUND,EXIT_DELAY,20014,N
,33,DWS,DISARM,OPEN_CLOSE,60,NO_SOUND,DISARM,NO_CHK,140,Y,STAY_ARM,NO_SOUND,STAY_ARM,20003,N
,34,DWS,DISARM,OPEN_CLOSE,60,NO_SOUND,DISARM,NO_CHK,140,Y,DISARM,NO_SOUND,DISARM,20007,N
,35,DWS,DISARM,OPEN_CLOSE,60,NO_SOUND,DISARM,NO_CHK,140,NOTHING,NOTHING,NO_SOUND,DISARM,NO_CHK,N
,36,DWS,DISARM,OPEN_CLOSE,60,NO_SOUND,DISARM,NO_CHK,250,N,AWAY_ARM,NO_SOUND,EXIT_DELAY,20014,N
,37,DWS,DISARM,OPEN_CLOSE,60,NO_SOUND,DISARM,NO_CHK,250,N,STAY_ARM,NO_SOUND,STAY_ARM,20003,N
,38,DWS,DISARM,OPEN_CLOSE,60,NO_SOUND,DISARM,NO_CHK,250,N,DISARM,NO_SOUND,DISARM,20007,N
,39,DWS,DISARM,OPEN_CLOSE,60,NO_SOUND,DISARM,NO_CHK,250,Y,AWAY_ARM,NO_SOUND,EXIT_DELAY,20014,N
,40,DWS,DISARM,OPEN_CLOSE,60,NO_SOUND,DISARM,NO_CHK,250,Y,STAY_ARM,NO_SOUND,STAY_ARM,20003,N
,41,DWS,DISARM,OPEN_CLOSE,60,NO_SOUND,DISARM,NO_CHK,250,Y,DISARM,NO_SOUND,DISARM,20007,N
,42,DWS,DISARM,OPEN_CLOSE,60,NO_SOUND,DISARM,NO_CHK,250,NOTHING,NOTHING,NO_SOUND,DISARM,NO_CHK,N
,43,DWS,DISARM,OPEN,10,NO_SOUND,DISARM,NO_CHK,10,N,AWAY_ARM,NO_SOUND,DISARM,20014,N
,44,DWS,DISARM,OPEN,10,NO_SOUND,DISARM,NO_CHK,10,N,STAY_ARM,NO_SOUND,DISARM,20003,N
,45,DWS,DISARM,OPEN,10,NO_SOUND,DISARM,NO_CHK,10,N,DISARM,NO_SOUND,DISARM,20007,N
,46,DWS,DISARM,OPEN,10,NO_SOUND,DISARM,NO_CHK,10,Y,AWAY_ARM,NO_SOUND,DISARM,20014,N
,47,DWS,DISARM,OPEN,10,NO_SOUND,DISARM,NO_CHK,10,Y,STAY_ARM,NO_SOUND,DISARM,20003,N
,48,DWS,DISARM,OPEN,10,NO_SOUND,DISARM,NO_CHK,10,Y,DISARM,NO_SOUND,DISARM,20007,N
,49,DWS,DISARM,OPEN,10,NO_SOUND,DISARM,NO_CHK,10,NOTHING,NOTHING,NO_SOUND,DISARM,NO_CHK,N
,50,DWS,DISARM,OPEN,60,NO_SOUND,DISARM,NO_CHK,140,N,AWAY_ARM,NO_SOUND,DISARM,20014,N
,51,DWS,DISARM,OPEN,60,NO_SOUND,DISARM,NO_CHK,140,N,STAY_ARM,NO_SOUND,DISARM,20003,N
,52,DWS,DISARM,OPEN,60,NO_SOUND,DISARM,NO_CHK,140,N,DISARM,NO_SOUND,DISARM,20007,N
,53,DWS,DISARM,OPEN,60,NO_SOUND,DISARM,NO_CHK,140,Y,AWAY_ARM,NO_SOUND,DISARM,20014,N
,54,DWS,DISARM,OPEN,60,NO_SOUND,DISARM,NO_CHK,140,Y,STAY_ARM,NO_SOUND,DISARM,20003,N
,55,DWS,DISARM,OPEN,60,NO_SOUND,DISARM,NO_CHK,140,Y,DISARM,NO_SOUND,DISARM,20007,N
,56,DWS,DISARM,OPEN,60,NO_SOUND,DISARM,NO_CHK,140,NOTHING,NOTHING,NO_SOUND,DISARM,NO_CHK,N
,57,DWS,DISARM,OPEN,60,NO_SOUND,DISARM,NO_CHK,250,N,AWAY_ARM,NO_SOUND,DISARM,20014,N
,58,DWS,DISARM,OPEN,60,NO_SOUND,DISARM,NO_CHK,250,N,STAY_ARM,NO_SOUND,DISARM,20003,N
,59,DWS,DISARM,OPEN,60,NO_SOUND,DISARM,NO_CHK,250,N,DISARM,NO_SOUND,DISARM,20007,N
,60,DWS,DISARM,OPEN,60,NO_SOUND,DISARM,NO_CHK,250,Y,AWAY_ARM,NO_SOUND,DISARM,20014,N
,61,DWS,DISARM,OPEN,60,NO_SOUND,DISARM,NO_CHK,250,Y,STAY_ARM,NO_SOUND,DISARM,20003,N
,62,DWS,DISARM,OPEN,60,NO_SOUND,DISARM,NO_CHK,250,Y,DISARM,NO_SOUND,DISARM,20007,N
,63,DWS,DISARM,OPEN,60,NO_SOUND,DISARM,NO_CHK,250,NOTHING,NOTHING,NO_SOUND,DISARM,NO_CHK,N
N,64,DWS,DISARM,TAMPER,10,NO_SOUND,DISARM,NO_CHK,10,N,AWAY_ARM,NO_SOUND,EXIT_DELAY,20014,N
N,65,DWS,DISARM,TAMPER,10,NO_SOUND,DISARM,NO_CHK,10,N,STAY_ARM,NO_SOUND,STAY_ARM,20003,N
N,66,DWS,DISARM,TAMPER,10,NO_SOUND,DISARM,NO_CHK,10,N,DISARM,NO_SOUND,DISARM,20007,N
N,67,DWS,DISARM,TAMPER,10,NO_SOUND,DISARM,NO_CHK,10,Y,AWAY_ARM,NO_SOUND,EXIT_DELAY,20014,N
N,68,DWS,DISARM,TAMPER,10,NO_SOUND,DISARM,NO_CHK,10,Y,STAY_ARM,NO_SOUND,STAY_ARM,20003,N
N,69,DWS,DISARM,TAMPER,10,NO_SOUND,DISARM,NO_CHK,10,Y,DISARM,NO_SOUND,DISARM,20007,N
N,70,DWS,DISARM,TAMPER,10,NO_SOUND,DISARM,NO_CHK,10,NOTHING,NOTHING,NO_SOUND,DISARM,NO_CHK,N
N,71,DWS,DISARM,TAMPER,60,NO_SOUND,DISARM,NO_CHK,140,N,AWAY_ARM,NO_SOUND,EXIT_DELAY,20014,N
N,72,DWS,DISARM,TAMPER,60,NO_SOUND,DISARM,NO_CHK,140,N,STAY_ARM,NO_SOUND,STAY_ARM,20003,N
N,73,DWS,DISARM,TAMPER,60,NO_SOUND,DISARM,NO_CHK,140,N,DISARM,NO_SOUND,DISARM,20007,N
N,74,DWS,DISARM,TAMPER,60,NO_SOUND,DISARM,NO_CHK,140,Y,AWAY_ARM,NO_SOUND,EXIT_DELAY,20014,N
N,75,DWS,DISARM,TAMPER,60,NO_SOUND,DISARM,NO_CHK,140,Y,STAY_ARM,NO_SOUND,STAY_ARM,20003,N
N,76,DWS,DISARM,TAMPER,60,NO_SOUND,DISARM,NO_CHK,140,Y,DISARM,NO_SOUND,DISARM,20007,N
N,77,DWS,DISARM,TAMPER,60,NO_SOUND,DISARM,NO_CHK,140,NOTHING,NOTHING,NO_SOUND,DISARM,NO_CHK,N
N,78,DWS,DISARM,TAMPER,60,NO_SOUND,DISARM,NO_CHK,250,N,AWAY_ARM,NO_SOUND,EXIT_DELAY,20014,N
N,79,DWS,DISARM,TAMPER,60,NO_SOUND,DISARM,NO_CHK,250,N,STAY_ARM,NO_SOUND,STAY_ARM,20003,N
N,80,DWS,DISARM,TAMPER,60,NO_SOUND,DISARM,NO_CHK,250,N,DISARM,NO_SOUND,DISARM,20007,N
N,81,DWS,DISARM,TAMPER,60,NO_SOUND,DISARM,NO_CHK,250,Y,AWAY_ARM,NO_SOUND,EXIT_DELAY,20014,N
N,82,DWS,DISARM,TAMPER,60,NO_SOUND,DISARM,NO_CHK,250,Y,STAY_ARM,NO_SOUND,STAY_ARM,20003,N
N,83,DWS,DISARM,TAMPER,60,NO_SOUND,DISARM,NO_CHK,250,Y,DISARM,NO_SOUND,DISARM,20007,N
N,84,DWS,DISARM,TAMPER,60,NO_SOUND,DISARM,NO_CHK,250,NOTHING,NOTHING,NO_SOUND,DISARM,NO_CHK,N
N,85,DWS,DISARM,LOW_BATTERY,10,NO_SOUND,DISARM,NO_CHK,10,N,AWAY_ARM,NO_SOUND,EXIT_DELAY,20014,N
N,86,DWS,DISARM,LOW_BATTERY,10,NO_SOUND,DISARM,NO_CHK,10,N,STAY_ARM,NO_SOUND,STAY_ARM,20003,N
N,87,DWS,DISARM,LOW_BATTERY,10,NO_SOUND,DISARM,NO_CHK,10,N,DISARM,NO_SOUND,DISARM,20007,N
N,88,DWS,DISARM,LOW_BATTERY,10,NO_SOUND,DISARM,NO_CHK,10,Y,AWAY_ARM,NO_SOUND,EXIT_DELAY,20014,N
N,89,DWS,DISARM,LOW_BATTERY,10,NO_SOUND,DISARM,NO_CHK,10,Y,STAY_ARM,NO_SOUND,STAY_ARM,20003,N
N,90,DWS,DISARM,LOW_BATTERY,10,NO_SOUND,DISARM,NO_CHK,10,Y,DISARM,NO_SOUND,DISARM,20007,N
N,91,DWS,DISARM,LOW_BATTERY,10,NO_SOUND,DISARM,NO_CHK,10,NOTHING,NOTHING,NO_SOUND,DISARM,NO_CHK,N
N,92,DWS,DISARM,LOW_BATTERY,60,NO_SOUND,DISARM,NO_CHK,140,N,AWAY_ARM,NO_SOUND,EXIT_DELAY,20014,N
N,93,DWS,DISARM,LOW_BATTERY,60,NO_SOUND,DISARM,NO_CHK,140,N,STAY_ARM,NO_SOUND,STAY_ARM,20003,N
N,94,DWS,DISARM,LOW_BATTERY,60,NO_SOUND,DISARM,NO_CHK,140,N,DISARM,NO_SOUND,DISARM,20007,N
N,95,DWS,DISARM,LOW_BATTERY,60,NO_SOUND,DISARM,NO_CHK,140,Y,AWAY_ARM,NO_SOUND,EXIT_DELAY,20014,N
N,96,DWS,DISARM,LOW_BATTERY,60,NO_SOUND,DISARM,NO_CHK,140,Y,STAY_ARM,NO_SOUND,STAY_ARM,20003,N
N,97,DWS,DISARM,LOW_BATTERY,60,NO_SOUND,DISARM,NO_CHK,140,Y,DISARM,NO_SOUND,DISARM,20007,N
N,98,DWS,DISARM,LOW_BATTERY,60,NO_SOUND,DISARM,NO_CHK,140,NOTHING,NOTHING,NO_SOUND,DISARM,NO_CHK,N
N,99,DWS,DISARM,LOW_BATTERY,60,NO_SOUND,DISARM,NO_CHK,250,N,AWAY_ARM,NO_SOUND,EXIT_DELAY,20014,N
N,100,DWS,DISARM,LOW_BATTERY,60,NO_SOUND,DISARM,NO_CHK,250,N,STAY_ARM,NO_SOUND,STAY_ARM,20003,N
N,101,DWS,DISARM,LOW_BATTERY,60,NO_SOUND,DISARM,NO_CHK,250,N,DISARM,NO_SOUND,DISARM,20007,N
N,102,DWS,DISARM,LOW_BATTERY,60,NO_SOUND,DISARM,NO_CHK,250,Y,AWAY_ARM,NO_SOUND,EXIT_DELAY,20014,N
N,103,DWS,DISARM,LOW_BATTERY,60,NO_SOUND,DISARM,NO_CHK,250,Y,STAY_ARM,NO_SOUND,STAY_ARM,20003,N
N,104,DWS,DISARM,LOW_BATTERY,60,NO_SOUND,DISARM,NO_CHK,250,Y,DISARM,NO_SOUND,DISARM,20007,N
N,105,DWS,DISARM,LOW_BATTERY,60,NO_SOUND,DISARM,NO_CHK,250,NOTHING,NOTHING,NO_SOUND,DISARM,NO_CHK,N
N,106,DWS,EXIT_DELAY,OFFLINE,10,SOUND,ALARM,11006,10,N,DISARM,NO_SOUND,DISARM,20002,N
N,107,DWS,EXIT_DELAY,OFFLINE,10,SOUND,ALARM,11006,10,N,DISARM_PIN_FAIL,SOUND,ALARM,NO_CHK,N
N,108,DWS,EXIT_DELAY,OFFLINE,10,SOUND,ALARM,11006,10,N,AWAY_ARM,SOUND,ALARM,20006,N
N,109,DWS,EXIT_DELAY,OFFLINE,10,SOUND,ALARM,11006,10,N,STAY_ARM,SOUND,ALARM,20008,N
N,110,DWS,EXIT_DELAY,OFFLINE,10,SOUND,ALARM,11006,10,Y,AWAY_ARM,SOUND,ALARM,20006,N
N,111,DWS,EXIT_DELAY,OFFLINE,10,SOUND,ALARM,11006,10,Y,STAY_ARM,SOUND,ALARM,20008,N
N,112,DWS,EXIT_DELAY,OFFLINE,10,SOUND,ALARM,11006,10,Y,DISARM,NO_SOUND,DISARM,20002,N
N,113,DWS,EXIT_DELAY,OFFLINE,60,SOUND,ALARM,11006,140,N,DISARM,NO_SOUND,DISARM,20002,N
N,114,DWS,EXIT_DELAY,OFFLINE,60,SOUND,ALARM,11006,140,N,DISARM_PIN_FAIL,SOUND,ALARM,NO_CHK,N
N,115,DWS,EXIT_DELAY,OFFLINE,60,SOUND,ALARM,11006,140,N,AWAY_ARM,SOUND,ALARM,20006,N
N,116,DWS,EXIT_DELAY,OFFLINE,60,SOUND,ALARM,11006,140,N,STAY_ARM,SOUND,ALARM,20008,N
N,117,DWS,EXIT_DELAY,OFFLINE,60,SOUND,ALARM,11006,140,Y,AWAY_ARM,SOUND,ALARM,20006,N
N,118,DWS,EXIT_DELAY,OFFLINE,60,SOUND,ALARM,11006,140,Y,STAY_ARM,SOUND,ALARM,20008,N
N,119,DWS,EXIT_DELAY,OFFLINE,60,SOUND,ALARM,11006,140,Y,DISARM,NO_SOUND,DISARM,20002,N
N,120,DWS,EXIT_DELAY,OFFLINE,60,SOUND,ALARM,11006,250,N,DISARM,NO_SOUND,DISARM,20002,N
N,121,DWS,EXIT_DELAY,OFFLINE,60,SOUND,ALARM,11006,250,N,DISARM_PIN_FAIL,NO_SOUND,ALARM,NO_CHK,N
N,122,DWS,EXIT_DELAY,OFFLINE,60,SOUND,ALARM,11006,250,N,AWAY_ARM,NO_SOUND,ALARM,20006,N
N,123,DWS,EXIT_DELAY,OFFLINE,60,SOUND,ALARM,11006,250,N,STAY_ARM,NO_SOUND,ALARM,20008,N
N,124,DWS,EXIT_DELAY,OFFLINE,60,SOUND,ALARM,11006,250,Y,AWAY_ARM,NO_SOUND,ALARM,20006,N
N,125,DWS,EXIT_DELAY,OFFLINE,60,SOUND,ALARM,11006,250,Y,STAY_ARM,NO_SOUND,ALARM,20008,N
N,126,DWS,EXIT_DELAY,OFFLINE,60,SOUND,ALARM,11006,250,Y,DISARM,NO_SOUND,DISARM,20002,N
N,127,DWS,EXIT_DELAY,LOW_BATTERY,10,NO_SOUND,EXIT_DELAY,NO_CHK,10,N,DISARM,NO_SOUND,DISARM,20002,N
N,128,DWS,EXIT_DELAY,LOW_BATTERY,10,NO_SOUND,EXIT_DELAY,NO_CHK,10,N,DISARM_PIN_FAIL,NO_SOUND,EXIT_DELAY,NO_CHK,N
N,129,DWS,EXIT_DELAY,LOW_BATTERY,10,NO_SOUND,EXIT_DELAY,NO_CHK,10,N,AWAY_ARM,NO_SOUND,EXIT_DELAY,20006,N
N,130,DWS,EXIT_DELAY,LOW_BATTERY,10,NO_SOUND,EXIT_DELAY,NO_CHK,10,N,STAY_ARM,NO_SOUND,EXIT_DELAY,20008,N
N,131,DWS,EXIT_DELAY,LOW_BATTERY,10,NO_SOUND,EXIT_DELAY,NO_CHK,10,Y,AWAY_ARM,NO_SOUND,EXIT_DELAY,20006,N
N,132,DWS,EXIT_DELAY,LOW_BATTERY,10,NO_SOUND,EXIT_DELAY,NO_CHK,10,Y,STAY_ARM,NO_SOUND,EXIT_DELAY,20008,N
N,133,DWS,EXIT_DELAY,LOW_BATTERY,10,NO_SOUND,EXIT_DELAY,NO_CHK,10,Y,DISARM,NO_SOUND,DISARM,20002,N
N,134,DWS,EXIT_DELAY,LOW_BATTERY,40,NO_SOUND,EXIT_DELAY,NO_CHK,40,N,DISARM,NO_SOUND,DISARM,20002,N
N,135,DWS,EXIT_DELAY,LOW_BATTERY,40,NO_SOUND,EXIT_DELAY,NO_CHK,40,N,DISARM_PIN_FAIL,NO_SOUND,EXIT_DELAY,NO_CHK,N
N,136,DWS,EXIT_DELAY,LOW_BATTERY,40,NO_SOUND,EXIT_DELAY,NO_CHK,40,N,AWAY_ARM,NO_SOUND,EXIT_DELAY,20006,N
N,137,DWS,EXIT_DELAY,LOW_BATTERY,40,NO_SOUND,EXIT_DELAY,NO_CHK,40,N,STAY_ARM,NO_SOUND,EXIT_DELAY,20008,N
N,138,DWS,EXIT_DELAY,LOW_BATTERY,40,NO_SOUND,EXIT_DELAY,NO_CHK,40,Y,AWAY_ARM,NO_SOUND,EXIT_DELAY,20006,N
N,139,DWS,EXIT_DELAY,LOW_BATTERY,40,NO_SOUND,EXIT_DELAY,NO_CHK,40,Y,STAY_ARM,NO_SOUND,EXIT_DELAY,20008,N
N,140,DWS,EXIT_DELAY,LOW_BATTERY,40,NO_SOUND,EXIT_DELAY,NO_CHK,40,Y,DISARM,NO_SOUND,DISARM,20002,N
N,141,DWS,EXIT_DELAY,LOW_BATTERY,60,NO_SOUND,EXIT_DELAY,NO_CHK,100,N,DISARM,NO_SOUND,DISARM,20002,N
N,142,DWS,EXIT_DELAY,LOW_BATTERY,60,NO_SOUND,EXIT_DELAY,NO_CHK,100,N,DISARM_PIN_FAIL,NO_SOUND,AWAY_ARM,NO_CHK,N
N,143,DWS,EXIT_DELAY,LOW_BATTERY,60,NO_SOUND,EXIT_DELAY,NO_CHK,100,N,AWAY_ARM,NO_SOUND,AWAY_ARM,20006,N
N,144,DWS,EXIT_DELAY,LOW_BATTERY,60,NO_SOUND,EXIT_DELAY,NO_CHK,100,N,STAY_ARM,NO_SOUND,AWAY_ARM,20008,N
N,145,DWS,EXIT_DELAY,LOW_BATTERY,60,NO_SOUND,EXIT_DELAY,NO_CHK,100,Y,AWAY_ARM,NO_SOUND,AWAY_ARM,20006,N
N,146,DWS,EXIT_DELAY,LOW_BATTERY,60,NO_SOUND,EXIT_DELAY,NO_CHK,100,Y,STAY_ARM,NO_SOUND,AWAY_ARM,20008,N
N,147,DWS,EXIT_DELAY,LOW_BATTERY,60,NO_SOUND,EXIT_DELAY,NO_CHK,100,Y,DISARM,NO_SOUND,DISARM,20002,N
N,148,DWS,EXIT_DELAY,TAMPER,10,SOUND,ALARM,11003,10,N,DISARM,NO_SOUND,DISARM,20002,N
N,149,DWS,EXIT_DELAY,TAMPER,10,SOUND,ALARM,11003,10,N,DISARM_PIN_FAIL,SOUND,ALARM,NO_CHK,N
N,150,DWS,EXIT_DELAY,TAMPER,10,SOUND,ALARM,11003,10,N,AWAY_ARM,SOUND,ALARM,20006,N
N,151,DWS,EXIT_DELAY,TAMPER,10,SOUND,ALARM,11003,10,N,STAY_ARM,SOUND,ALARM,20008,N
N,152,DWS,EXIT_DELAY,TAMPER,10,SOUND,ALARM,11003,10,Y,AWAY_ARM,SOUND,ALARM,20006,N
N,153,DWS,EXIT_DELAY,TAMPER,10,SOUND,ALARM,11003,10,Y,STAY_ARM,SOUND,ALARM,20008,N
N,154,DWS,EXIT_DELAY,TAMPER,10,SOUND,ALARM,11003,10,Y,DISARM,NO_SOUND,DISARM,20002,N
N,155,DWS,EXIT_DELAY,TAMPER,60,SOUND,ALARM,11003,140,N,DISARM,NO_SOUND,DISARM,20002,N
N,156,DWS,EXIT_DELAY,TAMPER,60,SOUND,ALARM,11003,140,N,DISARM_PIN_FAIL,SOUND,ALARM,NO_CHK,N
N,157,DWS,EXIT_DELAY,TAMPER,60,SOUND,ALARM,11003,140,N,AWAY_ARM,SOUND,ALARM,20006,N
N,158,DWS,EXIT_DELAY,TAMPER,60,SOUND,ALARM,11003,140,N,STAY_ARM,SOUND,ALARM,20008,N
N,159,DWS,EXIT_DELAY,TAMPER,60,SOUND,ALARM,11003,140,Y,AWAY_ARM,SOUND,ALARM,20006,N
N,160,DWS,EXIT_DELAY,TAMPER,60,SOUND,ALARM,11003,140,Y,STAY_ARM,SOUND,ALARM,20008,N
N,161,DWS,EXIT_DELAY,TAMPER,60,SOUND,ALARM,11003,140,Y,DISARM,NO_SOUND,DISARM,20002,N
N,162,DWS,EXIT_DELAY,TAMPER,60,SOUND,ALARM,11003,250,N,DISARM,NO_SOUND,DISARM,20002,N
N,163,DWS,EXIT_DELAY,TAMPER,60,SOUND,ALARM,11003,250,N,DISARM_PIN_FAIL,NO_SOUND,ALARM,NO_CHK,N
N,164,DWS,EXIT_DELAY,TAMPER,60,SOUND,ALARM,11003,250,N,AWAY_ARM,NO_SOUND,ALARM,20006,N
N,165,DWS,EXIT_DELAY,TAMPER,60,SOUND,ALARM,11003,250,N,STAY_ARM,NO_SOUND,ALARM,20008,N
N,166,DWS,EXIT_DELAY,TAMPER,60,SOUND,ALARM,11003,250,Y,AWAY_ARM,NO_SOUND,ALARM,20006,N
N,167,DWS,EXIT_DELAY,TAMPER,60,SOUND,ALARM,11003,250,Y,STAY_ARM,NO_SOUND,ALARM,20008,N
N,168,DWS,EXIT_DELAY,TAMPER,60,SOUND,ALARM,11003,250,Y,DISARM,NO_SOUND,DISARM,20002,N
,169,DWS,EXIT_DELAY,OPEN_CLOSE,10,NO_SOUND,EXIT_DELAY,11101,10,N,DISARM,NO_SOUND,DISARM,20002,N
,170,DWS,EXIT_DELAY,OPEN_CLOSE,10,NO_SOUND,EXIT_DELAY,11101,10,N,DISARM_PIN_FAIL,NO_SOUND,EXIT_DELAY,NO_CHK,N
,171,DWS,EXIT_DELAY,OPEN_CLOSE,10,NO_SOUND,EXIT_DELAY,11101,10,N,AWAY_ARM,NO_SOUND,EXIT_DELAY,20006,N
,172,DWS,EXIT_DELAY,OPEN_CLOSE,10,NO_SOUND,EXIT_DELAY,11101,10,N,STAY_ARM,NO_SOUND,EXIT_DELAY,20008,N
,173,DWS,EXIT_DELAY,OPEN_CLOSE,10,NO_SOUND,EXIT_DELAY,11101,10,Y,AWAY_ARM,NO_SOUND,EXIT_DELAY,20006,N
,174,DWS,EXIT_DELAY,OPEN_CLOSE,10,NO_SOUND,EXIT_DELAY,11101,10,Y,STAY_ARM,NO_SOUND,EXIT_DELAY,20008,N
,175,DWS,EXIT_DELAY,OPEN_CLOSE,10,NO_SOUND,EXIT_DELAY,11101,10,Y,DISARM,NO_SOUND,DISARM,20002,N
,176,DWS,EXIT_DELAY,OPEN_CLOSE,40,NO_SOUND,EXIT_DELAY,11101,40,N,DISARM,NO_SOUND,DISARM,20002,N
,177,DWS,EXIT_DELAY,OPEN_CLOSE,40,NO_SOUND,EXIT_DELAY,11101,40,N,DISARM_PIN_FAIL,NO_SOUND,EXIT_DELAY,NO_CHK,N
,178,DWS,EXIT_DELAY,OPEN_CLOSE,40,NO_SOUND,EXIT_DELAY,11101,40,N,AWAY_ARM,NO_SOUND,EXIT_DELAY,20006,N
,179,DWS,EXIT_DELAY,OPEN_CLOSE,40,NO_SOUND,EXIT_DELAY,11101,40,N,STAY_ARM,NO_SOUND,EXIT_DELAY,20008,N
,180,DWS,EXIT_DELAY,OPEN_CLOSE,40,NO_SOUND,EXIT_DELAY,11101,40,Y,AWAY_ARM,NO_SOUND,EXIT_DELAY,20006,N
,181,DWS,EXIT_DELAY,OPEN_CLOSE,40,NO_SOUND,EXIT_DELAY,11101,40,Y,STAY_ARM,NO_SOUND,EXIT_DELAY,20008,N
,182,DWS,EXIT_DELAY,OPEN_CLOSE,40,NO_SOUND,EXIT_DELAY,11101,40,Y,DISARM,NO_SOUND,DISARM,20002,N
,183,DWS,EXIT_DELAY,OPEN_CLOSE,60,NO_SOUND,EXIT_DELAY,11101,120,N,DISARM,NO_SOUND,DISARM,20002,N
,184,DWS,EXIT_DELAY,OPEN_CLOSE,60,NO_SOUND,EXIT_DELAY,11101,120,N,DISARM_PIN_FAIL,NO_SOUND,AWAY_ARM,NO_CHK,N
,185,DWS,EXIT_DELAY,OPEN_CLOSE,60,NO_SOUND,EXIT_DELAY,11101,120,N,AWAY_ARM,NO_SOUND,AWAY_ARM,20006,N
,186,DWS,EXIT_DELAY,OPEN_CLOSE,60,NO_SOUND,EXIT_DELAY,11101,120,N,STAY_ARM,NO_SOUND,AWAY_ARM,20008,N
,187,DWS,EXIT_DELAY,OPEN_CLOSE,60,NO_SOUND,EXIT_DELAY,11101,120,Y,AWAY_ARM,NO_SOUND,AWAY_ARM,20006,N
,188,DWS,EXIT_DELAY,OPEN_CLOSE,60,NO_SOUND,EXIT_DELAY,11101,120,Y,STAY_ARM,NO_SOUND,AWAY_ARM,20008,N
,189,DWS,EXIT_DELAY,OPEN_CLOSE,60,NO_SOUND,EXIT_DELAY,11101,120,Y,DISARM,NO_SOUND,DISARM,20002,N
,190,DWS,EXIT_DELAY,OPEN,10,NO_SOUND,EXIT_DELAY,11101,10,N,DISARM,NO_SOUND,DISARM,20002,N
,191,DWS,EXIT_DELAY,OPEN,10,NO_SOUND,EXIT_DELAY,11101,10,N,DISARM_PIN_FAIL,NO_SOUND,EXIT_DELAY,NO_CHK,N
,192,DWS,EXIT_DELAY,OPEN,10,NO_SOUND,EXIT_DELAY,11101,10,N,AWAY_ARM,NO_SOUND,EXIT_DELAY,20006,N
,193,DWS,EXIT_DELAY,OPEN,10,NO_SOUND,EXIT_DELAY,11101,10,N,STAY_ARM,NO_SOUND,EXIT_DELAY,20008,N
,194,DWS,EXIT_DELAY,OPEN,10,NO_SOUND,EXIT_DELAY,11101,10,Y,AWAY_ARM,NO_SOUND,EXIT_DELAY,20006,N
,195,DWS,EXIT_DELAY,OPEN,10,NO_SOUND,EXIT_DELAY,11101,10,Y,STAY_ARM,NO_SOUND,EXIT_DELAY,20008,N
,196,DWS,EXIT_DELAY,OPEN,10,NO_SOUND,EXIT_DELAY,11101,10,Y,DISARM,NO_SOUND,DISARM,20002,N
,197,DWS,EXIT_DELAY,OPEN,40,NO_SOUND,EXIT_DELAY,11101,40,N,DISARM,NO_SOUND,DISARM,20002,N
,198,DWS,EXIT_DELAY,OPEN,40,NO_SOUND,EXIT_DELAY,11101,40,N,DISARM_PIN_FAIL,NO_SOUND,EXIT_DELAY,NO_CHK,N
,199,DWS,EXIT_DELAY,OPEN,40,NO_SOUND,EXIT_DELAY,11101,40,N,AWAY_ARM,NO_SOUND,EXIT_DELAY,20006,N
,200,DWS,EXIT_DELAY,OPEN,40,NO_SOUND,EXIT_DELAY,11101,40,N,STAY_ARM,NO_SOUND,EXIT_DELAY,20008,N
,201,DWS,EXIT_DELAY,OPEN,40,NO_SOUND,EXIT_DELAY,11101,40,Y,AWAY_ARM,NO_SOUND,EXIT_DELAY,20006,N
,202,DWS,EXIT_DELAY,OPEN,40,NO_SOUND,EXIT_DELAY,11101,40,Y,STAY_ARM,NO_SOUND,EXIT_DELAY,20008,N
,203,DWS,EXIT_DELAY,OPEN,40,NO_SOUND,EXIT_DELAY,11101,40,Y,DISARM,NO_SOUND,DISARM,20002,N
,204,DWS,EXIT_DELAY,OPEN,60,NO_SOUND,EXIT_DELAY,11101,120,N,DISARM,NO_SOUND,DISARM,20002,N
,205,DWS,EXIT_DELAY,OPEN,60,NO_SOUND,EXIT_DELAY,11101,120,N,DISARM_PIN_FAIL,NO_SOUND,DISARM,NO_CHK,N
,206,DWS,EXIT_DELAY,OPEN,60,NO_SOUND,EXIT_DELAY,11101,120,N,AWAY_ARM,NO_SOUND,DISARM,20006,N
,207,DWS,EXIT_DELAY,OPEN,60,NO_SOUND,EXIT_DELAY,11101,120,N,STAY_ARM,NO_SOUND,DISARM,20008,N
,208,DWS,EXIT_DELAY,OPEN,60,NO_SOUND,EXIT_DELAY,11101,120,Y,AWAY_ARM,NO_SOUND,DISARM,20006,N
,209,DWS,EXIT_DELAY,OPEN,60,NO_SOUND,EXIT_DELAY,11101,120,Y,STAY_ARM,NO_SOUND,DISARM,20008,N
,210,DWS,EXIT_DELAY,OPEN,60,NO_SOUND,EXIT_DELAY,11101,120,Y,DISARM,NO_SOUND,DISARM,20002,N
N,211,DWS,AWAY_ARM,TAMPER,60,SOUND,ALARM,11003,140,Y,AWAY_ARM,SOUND,ALARM,20006,N
N,212,DWS,AWAY_ARM,TAMPER,60,SOUND,ALARM,11003,140,Y,STAY_ARM,SOUND,ALARM,20008,N
N,213,DWS,AWAY_ARM,TAMPER,60,SOUND,ALARM,11003,140,Y,DISARM,NO_SOUND,DISARM,20002,N
N,214,DWS,AWAY_ARM,TAMPER,60,SOUND,ALARM,11003,140,N,AWAY_ARM,SOUND,ALARM,20006,N
N,215,DWS,AWAY_ARM,TAMPER,60,SOUND,ALARM,11003,140,N,STAY_ARM,SOUND,ALARM,20008,N
N,216,DWS,AWAY_ARM,TAMPER,60,SOUND,ALARM,11003,140,N,DISARM,NO_SOUND,DISARM,20002,N
N,217,DWS,AWAY_ARM,TAMPER,60,SOUND,ALARM,11003,140,N,DISARM_PIN_FAIL,SOUND,ALARM,NO_CHK,N
N,218,DWS,AWAY_ARM,TAMPER,60,SOUND,ALARM,11003,140,NOTHING,NOTHING,SOUND,ALARM,NO_CHK,N
N,219,DWS,AWAY_ARM,TAMPER,60,SOUND,ALARM,11003,250,Y,AWAY_ARM,NO_SOUND,ALARM,20006,N
N,220,DWS,AWAY_ARM,TAMPER,60,SOUND,ALARM,11003,250,Y,STAY_ARM,NO_SOUND,ALARM,20008,N
N,221,DWS,AWAY_ARM,TAMPER,60,SOUND,ALARM,11003,250,Y,DISARM,NO_SOUND,DISARM,20002,N
N,222,DWS,AWAY_ARM,TAMPER,60,SOUND,ALARM,11003,250,N,AWAY_ARM,NO_SOUND,ALARM,20006,N
N,223,DWS,AWAY_ARM,TAMPER,60,SOUND,ALARM,11003,250,N,STAY_ARM,NO_SOUND,ALARM,20008,N
N,224,DWS,AWAY_ARM,TAMPER,60,SOUND,ALARM,11003,250,N,DISARM,NO_SOUND,DISARM,20002,N
N,225,DWS,AWAY_ARM,TAMPER,60,SOUND,ALARM,11003,250,N,DISARM_PIN_FAIL,NO_SOUND,ALARM,NO_CHK,N
N,226,DWS,AWAY_ARM,TAMPER,60,SOUND,ALARM,11003,250,NOTHING,NOTHING,NO_SOUND,ALARM,NO_CHK,N
N,227,DWS,AWAY_ARM,TAMPER,10,SOUND,ALARM,11003,10,Y,AWAY_ARM,SOUND,ALARM,20006,N
N,228,DWS,AWAY_ARM,TAMPER,10,SOUND,ALARM,11003,10,Y,STAY_ARM,SOUND,ALARM,20008,N
N,229,DWS,AWAY_ARM,TAMPER,10,SOUND,ALARM,11003,10,Y,DISARM,NO_SOUND,DISARM,20002,N
N,230,DWS,AWAY_ARM,TAMPER,10,SOUND,ALARM,11003,10,N,AWAY_ARM,SOUND,ALARM,20006,N
N,231,DWS,AWAY_ARM,TAMPER,10,SOUND,ALARM,11003,10,N,STAY_ARM,SOUND,ALARM,20008,N
N,232,DWS,AWAY_ARM,TAMPER,10,SOUND,ALARM,11003,10,N,DISARM,NO_SOUND,DISARM,20002,N
N,233,DWS,AWAY_ARM,TAMPER,10,SOUND,ALARM,11003,10,N,DISARM_PIN_FAIL,SOUND,ALARM,NO_CHK,N
N,234,DWS,AWAY_ARM,TAMPER,10,SOUND,ALARM,11003,10,NOTHING,NOTHING,SOUND,ALARM,NO_CHK,N
N,235,DWS,AWAY_ARM,OFFLINE,60,SOUND,ALARM,11003,140,Y,AWAY_ARM,SOUND,ALARM,20006,N
N,236,DWS,AWAY_ARM,OFFLINE,60,SOUND,ALARM,11003,140,Y,STAY_ARM,SOUND,ALARM,20008,N
N,237,DWS,AWAY_ARM,OFFLINE,60,SOUND,ALARM,11003,140,Y,DISARM,NO_SOUND,DISARM,20002,N
N,238,DWS,AWAY_ARM,OFFLINE,60,SOUND,ALARM,11003,140,N,AWAY_ARM,SOUND,ALARM,20006,N
N,239,DWS,AWAY_ARM,OFFLINE,60,SOUND,ALARM,11003,140,N,STAY_ARM,SOUND,ALARM,20008,N
N,240,DWS,AWAY_ARM,OFFLINE,60,SOUND,ALARM,11003,140,N,DISARM,NO_SOUND,DISARM,20002,N
N,241,DWS,AWAY_ARM,OFFLINE,60,SOUND,ALARM,11003,140,N,DISARM_PIN_FAIL,SOUND,ALARM,NO_CHK,N
N,242,DWS,AWAY_ARM,OFFLINE,60,SOUND,ALARM,11003,140,NOTHING,NOTHING,SOUND,ALARM,NO_CHK,N
N,243,DWS,AWAY_ARM,OFFLINE,60,SOUND,ALARM,11003,250,Y,AWAY_ARM,NO_SOUND,ALARM,20006,N
N,244,DWS,AWAY_ARM,OFFLINE,60,SOUND,ALARM,11003,250,Y,STAY_ARM,NO_SOUND,ALARM,20008,N
N,245,DWS,AWAY_ARM,OFFLINE,60,SOUND,ALARM,11003,250,Y,DISARM,NO_SOUND,DISARM,20002,N
N,246,DWS,AWAY_ARM,OFFLINE,60,SOUND,ALARM,11003,250,N,AWAY_ARM,NO_SOUND,ALARM,20006,N
N,247,DWS,AWAY_ARM,OFFLINE,60,SOUND,ALARM,11003,250,N,STAY_ARM,NO_SOUND,ALARM,20008,N
N,248,DWS,AWAY_ARM,OFFLINE,60,SOUND,ALARM,11003,250,N,DISARM,NO_SOUND,DISARM,20002,N
N,249,DWS,AWAY_ARM,OFFLINE,60,SOUND,ALARM,11003,250,N,DISARM_PIN_FAIL,NO_SOUND,ALARM,NO_CHK,N
N,250,DWS,AWAY_ARM,OFFLINE,60,SOUND,ALARM,11003,250,NOTHING,NOTHING,NO_SOUND,ALARM,NO_CHK,N
N,251,DWS,AWAY_ARM,OFFLINE,10,SOUND,ALARM,11003,10,Y,AWAY_ARM,SOUND,ALARM,20006,N
N,252,DWS,AWAY_ARM,OFFLINE,10,SOUND,ALARM,11003,10,Y,STAY_ARM,SOUND,ALARM,20008,N
N,253,DWS,AWAY_ARM,OFFLINE,10,SOUND,ALARM,11003,10,Y,DISARM,NO_SOUND,DISARM,20002,N
N,254,DWS,AWAY_ARM,OFFLINE,10,SOUND,ALARM,11003,10,N,AWAY_ARM,SOUND,ALARM,20006,N
N,255,DWS,AWAY_ARM,OFFLINE,10,SOUND,ALARM,11003,10,N,STAY_ARM,SOUND,ALARM,20008,N
N,256,DWS,AWAY_ARM,OFFLINE,10,SOUND,ALARM,11003,10,N,DISARM,NO_SOUND,DISARM,20002,N
N,257,DWS,AWAY_ARM,OFFLINE,10,SOUND,ALARM,11003,10,N,DISARM_PIN_FAIL,SOUND,ALARM,NO_CHK,N
N,258,DWS,AWAY_ARM,OFFLINE,10,SOUND,ALARM,11003,10,NOTHING,NOTHING,SOUND,ALARM,NO_CHK,N
N,259,DWS,AWAY_ARM,LOW_BATTERY,60,NO_SOUND,AWAY_ARM,NO_CHK,140,Y,AWAY_ARM,NO_SOUND,AWAY_ARM,20006,N
N,260,DWS,AWAY_ARM,LOW_BATTERY,60,NO_SOUND,AWAY_ARM,NO_CHK,140,Y,STAY_ARM,NO_SOUND,AWAY_ARM,20008,N
N,261,DWS,AWAY_ARM,LOW_BATTERY,60,NO_SOUND,AWAY_ARM,NO_CHK,140,Y,DISARM,NO_SOUND,DISARM,20002,N
N,262,DWS,AWAY_ARM,LOW_BATTERY,60,NO_SOUND,AWAY_ARM,NO_CHK,140,N,AWAY_ARM,NO_SOUND,AWAY_ARM,20006,N
N,263,DWS,AWAY_ARM,LOW_BATTERY,60,NO_SOUND,AWAY_ARM,NO_CHK,140,N,STAY_ARM,NO_SOUND,AWAY_ARM,20008,N
N,264,DWS,AWAY_ARM,LOW_BATTERY,60,NO_SOUND,AWAY_ARM,NO_CHK,140,N,DISARM,NO_SOUND,DISARM,20002,N
N,265,DWS,AWAY_ARM,LOW_BATTERY,60,NO_SOUND,AWAY_ARM,NO_CHK,140,N,DISARM_PIN_FAIL,NO_SOUND,AWAY_ARM,NO_CHK,N
N,266,DWS,AWAY_ARM,LOW_BATTERY,60,NO_SOUND,AWAY_ARM,NO_CHK,140,NOTHING,NOTHING,NO_SOUND,AWAY_ARM,NO_CHK,N
N,267,DWS,AWAY_ARM,LOW_BATTERY,60,NO_SOUND,AWAY_ARM,NO_CHK,250,Y,AWAY_ARM,NO_SOUND,AWAY_ARM,20006,N
N,268,DWS,AWAY_ARM,LOW_BATTERY,60,NO_SOUND,AWAY_ARM,NO_CHK,250,Y,STAY_ARM,NO_SOUND,AWAY_ARM,20008,N
N,269,DWS,AWAY_ARM,LOW_BATTERY,60,NO_SOUND,AWAY_ARM,NO_CHK,250,Y,DISARM,NO_SOUND,DISARM,20002,N
N,270,DWS,AWAY_ARM,LOW_BATTERY,60,NO_SOUND,AWAY_ARM,NO_CHK,250,N,AWAY_ARM,NO_SOUND,AWAY_ARM,20006,N
N,271,DWS,AWAY_ARM,LOW_BATTERY,60,NO_SOUND,AWAY_ARM,NO_CHK,250,N,STAY_ARM,NO_SOUND,AWAY_ARM,20008,N
N,272,DWS,AWAY_ARM,LOW_BATTERY,60,NO_SOUND,AWAY_ARM,NO_CHK,250,N,DISARM,NO_SOUND,DISARM,20002,N
N,273,DWS,AWAY_ARM,LOW_BATTERY,60,NO_SOUND,AWAY_ARM,NO_CHK,250,N,DISARM_PIN_FAIL,NO_SOUND,AWAY_ARM,NO_CHK,N
N,274,DWS,AWAY_ARM,LOW_BATTERY,60,NO_SOUND,AWAY_ARM,NO_CHK,250,NOTHING,NOTHING,NO_SOUND,AWAY_ARM,NO_CHK,N
N,275,DWS,AWAY_ARM,LOW_BATTERY,10,NO_SOUND,AWAY_ARM,NO_CHK,10,Y,AWAY_ARM,NO_SOUND,AWAY_ARM,20006,N
N,276,DWS,AWAY_ARM,LOW_BATTERY,10,NO_SOUND,AWAY_ARM,NO_CHK,10,Y,STAY_ARM,NO_SOUND,AWAY_ARM,20008,N
N,277,DWS,AWAY_ARM,LOW_BATTERY,10,NO_SOUND,AWAY_ARM,NO_CHK,10,Y,DISARM,NO_SOUND,DISARM,20002,N
N,278,DWS,AWAY_ARM,LOW_BATTERY,10,NO_SOUND,AWAY_ARM,NO_CHK,10,N,AWAY_ARM,NO_SOUND,AWAY_ARM,20006,N
N,279,DWS,AWAY_ARM,LOW_BATTERY,10,NO_SOUND,AWAY_ARM,NO_CHK,10,N,STAY_ARM,NO_SOUND,AWAY_ARM,20008,N
N,280,DWS,AWAY_ARM,LOW_BATTERY,10,NO_SOUND,AWAY_ARM,NO_CHK,10,N,DISARM,NO_SOUND,DISARM,20002,N
N,281,DWS,AWAY_ARM,LOW_BATTERY,10,NO_SOUND,AWAY_ARM,NO_CHK,10,N,DISARM_PIN_FAIL,NO_SOUND,AWAY_ARM,NO_CHK,N
N,282,DWS,AWAY_ARM,LOW_BATTERY,10,NO_SOUND,AWAY_ARM,NO_CHK,10,NOTHING,NOTHING,NO_SOUND,AWAY_ARM,NO_CHK,N
,283,DWS,AWAY_ARM,OPEN,60,SOUND,ALARM,NO_CHK,140,Y,AWAY_ARM,SOUND,ALARM,NO_CHK,Y
,284,DWS,AWAY_ARM,OPEN,60,SOUND,ALARM,NO_CHK,140,Y,STAY_ARM,SOUND,ALARM,NO_CHK,Y
,285,DWS,AWAY_ARM,OPEN,60,SOUND,ALARM,NO_CHK,140,Y,DISARM,NO_SOUND,DISARM,NO_CHK,Y
,286,DWS,AWAY_ARM,OPEN,60,SOUND,ALARM,NO_CHK,140,N,AWAY_ARM,SOUND,ALARM,NO_CHK,Y
,287,DWS,AWAY_ARM,OPEN,60,SOUND,ALARM,NO_CHK,140,N,STAY_ARM,SOUND,ALARM,NO_CHK,Y
,288,DWS,AWAY_ARM,OPEN,60,SOUND,ALARM,NO_CHK,140,N,DISARM,NO_SOUND,DISARM,NO_CHK,Y
,289,DWS,AWAY_ARM,OPEN,60,SOUND,ALARM,NO_CHK,140,N,DISARM_PIN_FAIL,SOUND,ALARM,NO_CHK,Y
,290,DWS,AWAY_ARM,OPEN,60,SOUND,ALARM,NO_CHK,140,NOTHING,NOTHING,SOUND,ALARM,NO_CHK,Y
,291,DWS,AWAY_ARM,OPEN,60,SOUND,ALARM,NO_CHK,250,Y,AWAY_ARM,NO_SOUND,ALARM,NO_CHK,Y
,292,DWS,AWAY_ARM,OPEN,60,SOUND,ALARM,NO_CHK,250,Y,STAY_ARM,NO_SOUND,ALARM,NO_CHK,Y
,293,DWS,AWAY_ARM,OPEN,60,SOUND,ALARM,NO_CHK,250,Y,DISARM,NO_SOUND,DISARM,NO_CHK,Y
,294,DWS,AWAY_ARM,OPEN,60,SOUND,ALARM,NO_CHK,250,N,AWAY_ARM,NO_SOUND,ALARM,NO_CHK,Y
,295,DWS,AWAY_ARM,OPEN,60,SOUND,ALARM,NO_CHK,250,N,STAY_ARM,NO_SOUND,ALARM,NO_CHK,Y
,296,DWS,AWAY_ARM,OPEN,60,SOUND,ALARM,NO_CHK,250,N,DISARM,NO_SOUND,DISARM,NO_CHK,Y
,297,DWS,AWAY_ARM,OPEN,60,SOUND,ALARM,NO_CHK,250,N,DISARM_PIN_FAIL,NO_SOUND,ALARM,NO_CHK,Y
,298,DWS,AWAY_ARM,OPEN,60,SOUND,ALARM,NO_CHK,250,NOTHING,NOTHING,NO_SOUND,ALARM,NO_CHK,Y
,299,DWS,AWAY_ARM,OPEN,5,NO_SOUND,ENTER_DELAY,NO_CHK,5,Y,AWAY_ARM,NO_SOUND,ENTER_DELAY,NO_CHK,Y
,300,DWS,AWAY_ARM,OPEN,5,NO_SOUND,ENTER_DELAY,NO_CHK,5,Y,STAY_ARM,NO_SOUND,ENTER_DELAY,NO_CHK,Y
,301,DWS,AWAY_ARM,OPEN,5,NO_SOUND,ENTER_DELAY,NO_CHK,5,Y,DISARM,NO_SOUND,DISARM,NO_CHK,Y
,302,DWS,AWAY_ARM,OPEN,5,NO_SOUND,ENTER_DELAY,NO_CHK,5,N,AWAY_ARM,NO_SOUND,ENTER_DELAY,NO_CHK,Y
,303,DWS,AWAY_ARM,OPEN,5,NO_SOUND,ENTER_DELAY,NO_CHK,5,N,STAY_ARM,NO_SOUND,ENTER_DELAY,NO_CHK,Y
,304,DWS,AWAY_ARM,OPEN,5,NO_SOUND,ENTER_DELAY,NO_CHK,5,N,DISARM,NO_SOUND,DISARM,NO_CHK,Y
,305,DWS,AWAY_ARM,OPEN,5,NO_SOUND,ENTER_DELAY,NO_CHK,5,N,DISARM_PIN_FAIL,NO_SOUND,ENTER_DELAY,NO_CHK,Y
,306,DWS,AWAY_ARM,OPEN,5,NO_SOUND,ENTER_DELAY,NO_CHK,5,NOTHING,NOTHING,NO_SOUND,ENTER_DELAY,NO_CHK,Y
,307,DWS,AWAY_ARM,OPEN_CLOSE,60,SOUND,ALARM,NO_CHK,140,Y,AWAY_ARM,SOUND,ALARM,NO_CHK,Y
,308,DWS,AWAY_ARM,OPEN_CLOSE,60,SOUND,ALARM,NO_CHK,140,Y,STAY_ARM,SOUND,ALARM,NO_CHK,Y
,309,DWS,AWAY_ARM,OPEN_CLOSE,60,SOUND,ALARM,NO_CHK,140,Y,DISARM,NO_SOUND,DISARM,NO_CHK,Y
,310,DWS,AWAY_ARM,OPEN_CLOSE,60,SOUND,ALARM,NO_CHK,140,N,AWAY_ARM,SOUND,ALARM,NO_CHK,Y
,311,DWS,AWAY_ARM,OPEN_CLOSE,60,SOUND,ALARM,NO_CHK,140,N,STAY_ARM,SOUND,ALARM,NO_CHK,Y
,312,DWS,AWAY_ARM,OPEN_CLOSE,60,SOUND,ALARM,NO_CHK,140,N,DISARM,NO_SOUND,DISARM,NO_CHK,Y
,313,DWS,AWAY_ARM,OPEN_CLOSE,60,SOUND,ALARM,NO_CHK,140,N,DISARM_PIN_FAIL,SOUND,ALARM,NO_CHK,Y
,314,DWS,AWAY_ARM,OPEN_CLOSE,60,SOUND,ALARM,NO_CHK,140,NOTHING,NOTHING,SOUND,ALARM,NO_CHK,Y
,315,DWS,AWAY_ARM,OPEN_CLOSE,60,SOUND,ALARM,NO_CHK,250,Y,AWAY_ARM,NO_SOUND,ALARM,NO_CHK,Y
,316,DWS,AWAY_ARM,OPEN_CLOSE,60,SOUND,ALARM,NO_CHK,250,Y,STAY_ARM,NO_SOUND,ALARM,NO_CHK,Y
,317,DWS,AWAY_ARM,OPEN_CLOSE,60,SOUND,ALARM,NO_CHK,250,Y,DISARM,NO_SOUND,DISARM,NO_CHK,Y
,318,DWS,AWAY_ARM,OPEN_CLOSE,60,SOUND,ALARM,NO_CHK,250,N,AWAY_ARM,NO_SOUND,ALARM,NO_CHK,Y
,319,DWS,AWAY_ARM,OPEN_CLOSE,60,SOUND,ALARM,NO_CHK,250,N,STAY_ARM,NO_SOUND,ALARM,NO_CHK,Y
,320,DWS,AWAY_ARM,OPEN_CLOSE,60,SOUND,ALARM,NO_CHK,250,N,DISARM,NO_SOUND,DISARM,NO_CHK,Y
,321,DWS,AWAY_ARM,OPEN_CLOSE,60,SOUND,ALARM,NO_CHK,250,N,DISARM_PIN_FAIL,NO_SOUND,ALARM,NO_CHK,Y
,322,DWS,AWAY_ARM,OPEN_CLOSE,60,SOUND,ALARM,NO_CHK,250,NOTHING,NOTHING,NO_SOUND,ALARM,NO_CHK,Y
,323,DWS,AWAY_ARM,OPEN_CLOSE,5,NO_SOUND,ENTER_DELAY,NO_CHK,5,Y,AWAY_ARM,NO_SOUND,ENTER_DELAY,NO_CHK,Y
,324,DWS,AWAY_ARM,OPEN_CLOSE,5,NO_SOUND,ENTER_DELAY,NO_CHK,5,Y,STAY_ARM,NO_SOUND,ENTER_DELAY,NO_CHK,Y
,325,DWS,AWAY_ARM,OPEN_CLOSE,5,NO_SOUND,ENTER_DELAY,NO_CHK,5,Y,DISARM,NO_SOUND,DISARM,NO_CHK,Y
,326,DWS,AWAY_ARM,OPEN_CLOSE,5,NO_SOUND,ENTER_DELAY,NO_CHK,5,N,AWAY_ARM,NO_SOUND,ENTER_DELAY,NO_CHK,Y
,327,DWS,AWAY_ARM,OPEN_CLOSE,5,NO_SOUND,ENTER_DELAY,NO_CHK,5,N,STAY_ARM,NO_SOUND,ENTER_DELAY,NO_CHK,Y
,328,DWS,AWAY_ARM,OPEN_CLOSE,5,NO_SOUND,ENTER_DELAY,NO_CHK,5,N,DISARM,NO_SOUND,DISARM,NO_CHK,Y
,329,DWS,AWAY_ARM,OPEN_CLOSE,5,NO_SOUND,ENTER_DELAY,NO_CHK,5,N,DISARM_PIN_FAIL,NO_SOUND,ENTER_DELAY,NO_CHK,Y
,330,DWS,AWAY_ARM,OPEN_CLOSE,5,NO_SOUND,ENTER_DELAY,NO_CHK,5,NOTHING,NOTHING,NO_SOUND,ENTER_DELAY,NO_CHK,Y
N,331,DWS,ENTER_DELAY,TAMPER,10,SOUND,ALARM,NO_CHK,5,Y,AWAY_ARM,SOUND,ALARM,20006,N
N,332,DWS,ENTER_DELAY,TAMPER,10,SOUND,ALARM,NO_CHK,5,Y,STAY_ARM,SOUND,ALARM,20008,N
N,333,DWS,ENTER_DELAY,TAMPER,10,SOUND,ALARM,NO_CHK,5,Y,DISARM,NO_SOUND,DISARM,20002,N
N,334,DWS,ENTER_DELAY,TAMPER,10,SOUND,ALARM,NO_CHK,5,N,AWAY_ARM,SOUND,ALARM,20006,N
N,335,DWS,ENTER_DELAY,TAMPER,10,SOUND,ALARM,NO_CHK,5,N,STAY_ARM,SOUND,ALARM,20008,N
N,336,DWS,ENTER_DELAY,TAMPER,10,SOUND,ALARM,NO_CHK,5,N,DISARM,NO_SOUND,DISARM,20002,N
N,337,DWS,ENTER_DELAY,TAMPER,10,SOUND,ALARM,NO_CHK,5,N,DISARM_PIN_FAIL,SOUND,ALARM,NO_CHK,N
N,338,DWS,ENTER_DELAY,TAMPER,10,SOUND,ALARM,NO_CHK,5,NOTHING,NOTHING,SOUND,ALARM,NO_CHK,N
,339,DWS,ENTER_DELAY,OPEN,10,NO_SOUND,ENTER_DELAY,NO_CHK,5,Y,AWAY_ARM,NO_SOUND,ENTER_DELAY,NO_CHK,Y
,340,DWS,ENTER_DELAY,OPEN,10,NO_SOUND,ENTER_DELAY,NO_CHK,5,Y,STAY_ARM,NO_SOUND,ENTER_DELAY,NO_CHK,Y
,341,DWS,ENTER_DELAY,OPEN,10,NO_SOUND,ENTER_DELAY,NO_CHK,5,Y,DISARM,NO_SOUND,DISARM,NO_CHK,Y
,342,DWS,ENTER_DELAY,OPEN,10,NO_SOUND,ENTER_DELAY,NO_CHK,5,N,AWAY_ARM,NO_SOUND,ENTER_DELAY,NO_CHK,Y
,343,DWS,ENTER_DELAY,OPEN,10,NO_SOUND,ENTER_DELAY,NO_CHK,5,N,STAY_ARM,NO_SOUND,ENTER_DELAY,NO_CHK,Y
,344,DWS,ENTER_DELAY,OPEN,10,NO_SOUND,ENTER_DELAY,NO_CHK,5,N,DISARM,NO_SOUND,DISARM,NO_CHK,Y
,345,DWS,ENTER_DELAY,OPEN,10,NO_SOUND,ENTER_DELAY,NO_CHK,5,N,DISARM_PIN_FAIL,NO_SOUND,ENTER_DELAY,NO_CHK,Y
,346,DWS,ENTER_DELAY,OPEN,10,NO_SOUND,ENTER_DELAY,NO_CHK,5,NOTHING,NOTHING,NO_SOUND,ENTER_DELAY,NO_CHK,Y
,347,DWS,ENTER_DELAY,OPEN_CLOSE,10,NO_SOUND,ENTER_DELAY,NO_CHK,5,Y,AWAY_ARM,NO_SOUND,ENTER_DELAY,NO_CHK,Y
,348,DWS,ENTER_DELAY,OPEN_CLOSE,10,NO_SOUND,ENTER_DELAY,NO_CHK,5,Y,STAY_ARM,NO_SOUND,ENTER_DELAY,NO_CHK,Y
,349,DWS,ENTER_DELAY,OPEN_CLOSE,10,NO_SOUND,ENTER_DELAY,NO_CHK,5,Y,DISARM,NO_SOUND,DISARM,NO_CHK,Y
,350,DWS,ENTER_DELAY,OPEN_CLOSE,10,NO_SOUND,ENTER_DELAY,NO_CHK,5,N,AWAY_ARM,NO_SOUND,ENTER_DELAY,NO_CHK,Y
,351,DWS,ENTER_DELAY,OPEN_CLOSE,10,NO_SOUND,ENTER_DELAY,NO_CHK,5,N,STAY_ARM,NO_SOUND,ENTER_DELAY,NO_CHK,Y
,352,DWS,ENTER_DELAY,OPEN_CLOSE,10,NO_SOUND,ENTER_DELAY,NO_CHK,5,N,DISARM,NO_SOUND,DISARM,NO_CHK,Y
,353,DWS,ENTER_DELAY,OPEN_CLOSE,10,NO_SOUND,ENTER_DELAY,NO_CHK,5,N,DISARM_PIN_FAIL,NO_SOUND,ENTER_DELAY,NO_CHK,Y
,354,DWS,ENTER_DELAY,OPEN_CLOSE,10,NO_SOUND,ENTER_DELAY,NO_CHK,5,NOTHING,NOTHING,NO_SOUND,ENTER_DELAY,NO_CHK,Y
N,355,DWS,STAY_ARM,TAMPER,60,SOUND,ALARM,NO_CHK,140,Y,AWAY_ARM,SOUND,ALARM,20006,N
N,356,DWS,STAY_ARM,TAMPER,60,SOUND,ALARM,NO_CHK,140,Y,STAY_ARM,SOUND,ALARM,20008,N
N,357,DWS,STAY_ARM,TAMPER,60,SOUND,ALARM,NO_CHK,140,Y,DISARM,NO_SOUND,DISARM,20002,N
N,358,DWS,STAY_ARM,TAMPER,60,SOUND,ALARM,NO_CHK,140,N,AWAY_ARM,SOUND,ALARM,20006,N
N,359,DWS,STAY_ARM,TAMPER,60,SOUND,ALARM,NO_CHK,140,N,STAY_ARM,SOUND,ALARM,20008,N
N,360,DWS,STAY_ARM,TAMPER,60,SOUND,ALARM,NO_CHK,140,N,DISARM,NO_SOUND,DISARM,20002,N
N,361,DWS,STAY_ARM,TAMPER,60,SOUND,ALARM,NO_CHK,140,N,DISARM_PIN_FAIL,SOUND,ALARM,NO_CHK,N
N,362,DWS,STAY_ARM,TAMPER,60,SOUND,ALARM,NO_CHK,140,NOTHING,NOTHING,SOUND,ALARM,NO_CHK,N
N,363,DWS,STAY_ARM,TAMPER,60,SOUND,ALARM,NO_CHK,250,Y,AWAY_ARM,NO_SOUND,ALARM,20006,N
N,364,DWS,STAY_ARM,TAMPER,60,SOUND,ALARM,NO_CHK,250,Y,STAY_ARM,NO_SOUND,ALARM,20008,N
N,365,DWS,STAY_ARM,TAMPER,60,SOUND,ALARM,NO_CHK,250,Y,DISARM,NO_SOUND,DISARM,20002,N
N,366,DWS,STAY_ARM,TAMPER,60,SOUND,ALARM,NO_CHK,250,N,AWAY_ARM,NO_SOUND,ALARM,20006,N
N,367,DWS,STAY_ARM,TAMPER,60,SOUND,ALARM,NO_CHK,250,N,STAY_ARM,NO_SOUND,ALARM,20008,N
N,368,DWS,STAY_ARM,TAMPER,60,SOUND,ALARM,NO_CHK,250,N,DISARM,NO_SOUND,DISARM,20002,N
N,369,DWS,STAY_ARM,TAMPER,60,SOUND,ALARM,NO_CHK,250,N,DISARM_PIN_FAIL,NO_SOUND,ALARM,NO_CHK,N
N,370,DWS,STAY_ARM,TAMPER,60,SOUND,ALARM,NO_CHK,250,NOTHING,NOTHING,NO_SOUND,ALARM,NO_CHK,N
N,371,DWS,STAY_ARM,TAMPER,10,SOUND,ALARM,NO_CHK,10,Y,AWAY_ARM,SOUND,ALARM,20006,N
N,372,DWS,STAY_ARM,TAMPER,10,SOUND,ALARM,NO_CHK,10,Y,STAY_ARM,SOUND,ALARM,20008,N
N,373,DWS,STAY_ARM,TAMPER,10,SOUND,ALARM,NO_CHK,10,Y,DISARM,NO_SOUND,DISARM,20002,N
N,374,DWS,STAY_ARM,TAMPER,10,SOUND,ALARM,NO_CHK,10,N,AWAY_ARM,SOUND,ALARM,20006,N
N,375,DWS,STAY_ARM,TAMPER,10,SOUND,ALARM,NO_CHK,10,N,STAY_ARM,SOUND,ALARM,20008,N
N,376,DWS,STAY_ARM,TAMPER,10,SOUND,ALARM,NO_CHK,10,N,DISARM,NO_SOUND,DISARM,20002,N
N,377,DWS,STAY_ARM,TAMPER,10,SOUND,ALARM,NO_CHK,10,N,DISARM_PIN_FAIL,SOUND,ALARM,NO_CHK,N
N,378,DWS,STAY_ARM,TAMPER,10,SOUND,ALARM,NO_CHK,10,NOTHING,NOTHING,SOUND,ALARM,NO_CHK,N
N,379,DWS,STAY_ARM,OFFLINE,60,SOUND,ALARM,NO_CHK,140,Y,AWAY_ARM,SOUND,ALARM,20006,N
N,380,DWS,STAY_ARM,OFFLINE,60,SOUND,ALARM,NO_CHK,140,Y,STAY_ARM,SOUND,ALARM,20008,N
N,381,DWS,STAY_ARM,OFFLINE,60,SOUND,ALARM,NO_CHK,140,Y,DISARM,NO_SOUND,DISARM,20002,N
N,382,DWS,STAY_ARM,OFFLINE,60,SOUND,ALARM,NO_CHK,140,N,AWAY_ARM,SOUND,ALARM,20006,N
N,383,DWS,STAY_ARM,OFFLINE,60,SOUND,ALARM,NO_CHK,140,N,STAY_ARM,SOUND,ALARM,20008,N
N,384,DWS,STAY_ARM,OFFLINE,60,SOUND,ALARM,NO_CHK,140,N,DISARM,NO_SOUND,DISARM,20002,N
N,385,DWS,STAY_ARM,OFFLINE,60,SOUND,ALARM,NO_CHK,140,N,DISARM_PIN_FAIL,SOUND,ALARM,NO_CHK,N
N,386,DWS,STAY_ARM,OFFLINE,60,SOUND,ALARM,NO_CHK,140,NOTHING,NOTHING,SOUND,ALARM,NO_CHK,N
N,387,DWS,STAY_ARM,OFFLINE,60,SOUND,ALARM,NO_CHK,250,Y,AWAY_ARM,NO_SOUND,ALARM,20006,N
N,388,DWS,STAY_ARM,OFFLINE,60,SOUND,ALARM,NO_CHK,250,Y,STAY_ARM,NO_SOUND,ALARM,20008,N
N,389,DWS,STAY_ARM,OFFLINE,60,SOUND,ALARM,NO_CHK,250,Y,DISARM,NO_SOUND,DISARM,20002,N
N,390,DWS,STAY_ARM,OFFLINE,60,SOUND,ALARM,NO_CHK,250,N,AWAY_ARM,NO_SOUND,ALARM,20006,N
N,391,DWS,STAY_ARM,OFFLINE,60,SOUND,ALARM,NO_CHK,250,N,STAY_ARM,NO_SOUND,ALARM,20008,N
N,392,DWS,STAY_ARM,OFFLINE,60,SOUND,ALARM,NO_CHK,250,N,DISARM,NO_SOUND,DISARM,20002,N
N,393,DWS,STAY_ARM,OFFLINE,60,SOUND,ALARM,NO_CHK,250,N,DISARM_PIN_FAIL,NO_SOUND,ALARM,NO_CHK,N
N,394,DWS,STAY_ARM,OFFLINE,60,SOUND,ALARM,NO_CHK,250,NOTHING,NOTHING,NO_SOUND,ALARM,NO_CHK,N
N,395,DWS,STAY_ARM,OFFLINE,10,SOUND,ALARM,NO_CHK,10,Y,AWAY_ARM,SOUND,ALARM,20006,N
N,396,DWS,STAY_ARM,OFFLINE,10,SOUND,ALARM,NO_CHK,10,Y,STAY_ARM,SOUND,ALARM,20008,N
N,397,DWS,STAY_ARM,OFFLINE,10,SOUND,ALARM,NO_CHK,10,Y,DISARM,NO_SOUND,DISARM,20002,N
N,398,DWS,STAY_ARM,OFFLINE,10,SOUND,ALARM,NO_CHK,10,N,AWAY_ARM,SOUND,ALARM,20006,N
N,399,DWS,STAY_ARM,OFFLINE,10,SOUND,ALARM,NO_CHK,10,N,STAY_ARM,SOUND,ALARM,20008,N
N,400,DWS,STAY_ARM,OFFLINE,10,SOUND,ALARM,NO_CHK,10,N,DISARM,NO_SOUND,DISARM,20002,N
N,401,DWS,STAY_ARM,OFFLINE,10,SOUND,ALARM,NO_CHK,10,N,DISARM_PIN_FAIL,SOUND,ALARM,NO_CHK,N
N,402,DWS,STAY_ARM,OFFLINE,10,SOUND,ALARM,NO_CHK,10,NOTHING,NOTHING,SOUND,ALARM,NO_CHK,N
N,403,DWS,STAY_ARM,LOW_BATTERY,60,NO_SOUND,STAY_ARM,NO_CHK,140,Y,AWAY_ARM,NO_SOUND,AWAY_ARM,20006,N
N,404,DWS,STAY_ARM,LOW_BATTERY,60,NO_SOUND,STAY_ARM,NO_CHK,140,Y,STAY_ARM,NO_SOUND,AWAY_ARM,20008,N
N,405,DWS,STAY_ARM,LOW_BATTERY,60,NO_SOUND,STAY_ARM,NO_CHK,140,Y,DISARM,NO_SOUND,DISARM,20002,N
N,406,DWS,STAY_ARM,LOW_BATTERY,60,NO_SOUND,STAY_ARM,NO_CHK,140,N,AWAY_ARM,NO_SOUND,AWAY_ARM,20006,N
N,407,DWS,STAY_ARM,LOW_BATTERY,60,NO_SOUND,STAY_ARM,NO_CHK,140,N,STAY_ARM,NO_SOUND,AWAY_ARM,20008,N
N,408,DWS,STAY_ARM,LOW_BATTERY,60,NO_SOUND,STAY_ARM,NO_CHK,140,N,DISARM,NO_SOUND,DISARM,20002,N
N,409,DWS,STAY_ARM,LOW_BATTERY,60,NO_SOUND,STAY_ARM,NO_CHK,140,N,DISARM_PIN_FAIL,NO_SOUND,AWAY_ARM,NO_CHK,N
N,410,DWS,STAY_ARM,LOW_BATTERY,60,NO_SOUND,STAY_ARM,NO_CHK,140,NOTHING,NOTHING,NO_SOUND,AWAY_ARM,NO_CHK,N
N,411,DWS,STAY_ARM,LOW_BATTERY,60,NO_SOUND,STAY_ARM,NO_CHK,250,Y,AWAY_ARM,NO_SOUND,AWAY_ARM,20006,N
N,412,DWS,STAY_ARM,LOW_BATTERY,60,NO_SOUND,STAY_ARM,NO_CHK,250,Y,STAY_ARM,NO_SOUND,AWAY_ARM,20008,N
N,413,DWS,STAY_ARM,LOW_BATTERY,60,NO_SOUND,STAY_ARM,NO_CHK,250,Y,DISARM,NO_SOUND,DISARM,20002,N
N,414,DWS,STAY_ARM,LOW_BATTERY,60,NO_SOUND,STAY_ARM,NO_CHK,250,N,AWAY_ARM,NO_SOUND,AWAY_ARM,20006,N
N,415,DWS,STAY_ARM,LOW_BATTERY,60,NO_SOUND,STAY_ARM,NO_CHK,250,N,STAY_ARM,NO_SOUND,AWAY_ARM,20008,N
N,416,DWS,STAY_ARM,LOW_BATTERY,60,NO_SOUND,STAY_ARM,NO_CHK,250,N,DISARM,NO_SOUND,DISARM,20002,N
N,417,DWS,STAY_ARM,LOW_BATTERY,60,NO_SOUND,STAY_ARM,NO_CHK,250,N,DISARM_PIN_FAIL,NO_SOUND,AWAY_ARM,NO_CHK,N
N,418,DWS,STAY_ARM,LOW_BATTERY,60,NO_SOUND,STAY_ARM,NO_CHK,250,NOTHING,NOTHING,NO_SOUND,AWAY_ARM,NO_CHK,N
N,419,DWS,STAY_ARM,LOW_BATTERY,10,NO_SOUND,STAY_ARM,NO_CHK,10,Y,AWAY_ARM,NO_SOUND,AWAY_ARM,20006,N
N,420,DWS,STAY_ARM,LOW_BATTERY,10,NO_SOUND,STAY_ARM,NO_CHK,10,Y,STAY_ARM,NO_SOUND,AWAY_ARM,20008,N
N,421,DWS,STAY_ARM,LOW_BATTERY,10,NO_SOUND,STAY_ARM,NO_CHK,10,Y,DISARM,NO_SOUND,DISARM,20002,N
N,422,DWS,STAY_ARM,LOW_BATTERY,10,NO_SOUND,STAY_ARM,NO_CHK,10,N,AWAY_ARM,NO_SOUND,AWAY_ARM,20006,N
N,423,DWS,STAY_ARM,LOW_BATTERY,10,NO_SOUND,STAY_ARM,NO_CHK,10,N,STAY_ARM,NO_SOUND,AWAY_ARM,20008,N
N,424,DWS,STAY_ARM,LOW_BATTERY,10,NO_SOUND,STAY_ARM,NO_CHK,10,N,DISARM,NO_SOUND,DISARM,20002,N
N,425,DWS,STAY_ARM,LOW_BATTERY,10,NO_SOUND,STAY_ARM,NO_CHK,10,N,DISARM_PIN_FAIL,NO_SOUND,AWAY_ARM,NO_CHK,N
N,426,DWS,STAY_ARM,LOW_BATTERY,10,NO_SOUND,STAY_ARM,NO_CHK,10,NOTHING,NOTHING,NO_SOUND,AWAY_ARM,NO_CHK,N
,427,DWS,STAY_ARM,OPEN,60,SOUND,ALARM,NO_CHK,140,Y,AWAY_ARM,SOUND,ALARM,NO_CHK,Y
,428,DWS,STAY_ARM,OPEN,60,SOUND,ALARM,NO_CHK,140,Y,STAY_ARM,SOUND,ALARM,NO_CHK,Y
,429,DWS,STAY_ARM,OPEN,60,SOUND,ALARM,NO_CHK,140,Y,DISARM,NO_SOUND,DISARM,NO_CHK,Y
,430,DWS,STAY_ARM,OPEN,60,SOUND,ALARM,NO_CHK,140,N,AWAY_ARM,SOUND,ALARM,NO_CHK,Y
,431,DWS,STAY_ARM,OPEN,60,SOUND,ALARM,NO_CHK,140,N,STAY_ARM,SOUND,ALARM,NO_CHK,Y
,432,DWS,STAY_ARM,OPEN,60,SOUND,ALARM,NO_CHK,140,N,DISARM,NO_SOUND,DISARM,NO_CHK,Y
,433,DWS,STAY_ARM,OPEN,60,SOUND,ALARM,NO_CHK,140,N,DISARM_PIN_FAIL,SOUND,ALARM,NO_CHK,Y
,434,DWS,STAY_ARM,OPEN,60,SOUND,ALARM,NO_CHK,140,NOTHING,NOTHING,SOUND,ALARM,NO_CHK,Y
,435,DWS,STAY_ARM,OPEN,60,SOUND,ALARM,NO_CHK,250,Y,AWAY_ARM,NO_SOUND,ALARM,NO_CHK,Y
,436,DWS,STAY_ARM,OPEN,60,SOUND,ALARM,NO_CHK,250,Y,STAY_ARM,NO_SOUND,ALARM,NO_CHK,Y
,437,DWS,STAY_ARM,OPEN,60,SOUND,ALARM,NO_CHK,250,Y,DISARM,NO_SOUND,DISARM,NO_CHK,Y
,438,DWS,STAY_ARM,OPEN,60,SOUND,ALARM,NO_CHK,250,N,AWAY_ARM,NO_SOUND,ALARM,NO_CHK,Y
,439,DWS,STAY_ARM,OPEN,60,SOUND,ALARM,NO_CHK,250,N,STAY_ARM,NO_SOUND,ALARM,NO_CHK,Y
,440,DWS,STAY_ARM,OPEN,60,SOUND,ALARM,NO_CHK,250,N,DISARM,NO_SOUND,DISARM,NO_CHK,Y
,441,DWS,STAY_ARM,OPEN,60,SOUND,ALARM,NO_CHK,250,N,DISARM_PIN_FAIL,NO_SOUND,ALARM,NO_CHK,Y
,442,DWS,STAY_ARM,OPEN,60,SOUND,ALARM,NO_CHK,250,NOTHING,NOTHING,NO_SOUND,ALARM,NO_CHK,Y
,443,DWS,STAY_ARM,OPEN,5,SOUND,ALARM,NO_CHK,5,Y,AWAY_ARM,NO_SOUND,ENTER_DELAY,NO_CHK,Y
,444,DWS,STAY_ARM,OPEN,5,SOUND,ALARM,NO_CHK,5,Y,STAY_ARM,NO_SOUND,ENTER_DELAY,NO_CHK,Y
,445,DWS,STAY_ARM,OPEN,5,SOUND,ALARM,NO_CHK,5,Y,DISARM,NO_SOUND,DISARM,NO_CHK,Y
,446,DWS,STAY_ARM,OPEN,5,SOUND,ALARM,NO_CHK,5,N,AWAY_ARM,NO_SOUND,ENTER_DELAY,NO_CHK,Y
,447,DWS,STAY_ARM,OPEN,5,SOUND,ALARM,NO_CHK,5,N,STAY_ARM,NO_SOUND,ENTER_DELAY,NO_CHK,Y
,448,DWS,STAY_ARM,OPEN,5,SOUND,ALARM,NO_CHK,5,N,DISARM,NO_SOUND,DISARM,NO_CHK,Y
,449,DWS,STAY_ARM,OPEN,5,SOUND,ALARM,NO_CHK,5,N,DISARM_PIN_FAIL,NO_SOUND,ENTER_DELAY,NO_CHK,Y
,450,DWS,STAY_ARM,OPEN,5,SOUND,ALARM,NO_CHK,5,NOTHING,NOTHING,NO_SOUND,ENTER_DELAY,NO_CHK,Y
,451,DWS,STAY_ARM,OPEN_CLOSE,60,SOUND,ALARM,NO_CHK,140,Y,AWAY_ARM,SOUND,ALARM,NO_CHK,Y
,452,DWS,STAY_ARM,OPEN_CLOSE,60,SOUND,ALARM,NO_CHK,140,Y,STAY_ARM,SOUND,ALARM,NO_CHK,Y
,453,DWS,STAY_ARM,OPEN_CLOSE,60,SOUND,ALARM,NO_CHK,140,Y,DISARM,NO_SOUND,DISARM,NO_CHK,Y
,454,DWS,STAY_ARM,OPEN_CLOSE,60,SOUND,ALARM,NO_CHK,140,N,AWAY_ARM,SOUND,ALARM,NO_CHK,Y
,455,DWS,STAY_ARM,OPEN_CLOSE,60,SOUND,ALARM,NO_CHK,140,N,STAY_ARM,SOUND,ALARM,NO_CHK,Y
,456,DWS,STAY_ARM,OPEN_CLOSE,60,SOUND,ALARM,NO_CHK,140,N,DISARM,NO_SOUND,DISARM,NO_CHK,Y
,457,DWS,STAY_ARM,OPEN_CLOSE,60,SOUND,ALARM,NO_CHK,140,N,DISARM_PIN_FAIL,SOUND,ALARM,NO_CHK,Y
,458,DWS,STAY_ARM,OPEN_CLOSE,60,SOUND,ALARM,NO_CHK,140,NOTHING,NOTHING,SOUND,ALARM,NO_CHK,Y
,459,DWS,STAY_ARM,OPEN_CLOSE,60,SOUND,ALARM,NO_CHK,250,Y,AWAY_ARM,NO_SOUND,ALARM,NO_CHK,Y
,460,DWS,STAY_ARM,OPEN_CLOSE,60,SOUND,ALARM,NO_CHK,250,Y,STAY_ARM,NO_SOUND,ALARM,NO_CHK,Y
,461,DWS,STAY_ARM,OPEN_CLOSE,60,SOUND,ALARM,NO_CHK,250,Y,DISARM,NO_SOUND,DISARM,NO_CHK,Y
,462,DWS,STAY_ARM,OPEN_CLOSE,60,SOUND,ALARM,NO_CHK,250,N,AWAY_ARM,NO_SOUND,ALARM,NO_CHK,Y
,463,DWS,STAY_ARM,OPEN_CLOSE,60,SOUND,ALARM,NO_CHK,250,N,STAY_ARM,NO_SOUND,ALARM,NO_CHK,Y
,464,DWS,STAY_ARM,OPEN_CLOSE,60,SOUND,ALARM,NO_CHK,250,N,DISARM,NO_SOUND,DISARM,NO_CHK,Y
,465,DWS,STAY_ARM,OPEN_CLOSE,60,SOUND,ALARM,NO_CHK,250,N,DISARM_PIN_FAIL,NO_SOUND,ALARM,NO_CHK,Y
,466,DWS,STAY_ARM,OPEN_CLOSE,60,SOUND,ALARM,NO_CHK,250,NOTHING,NOTHING,NO_SOUND,ALARM,NO_CHK,Y
,467,DWS,STAY_ARM,OPEN_CLOSE,5,SOUND,ALARM,NO_CHK,5,Y,AWAY_ARM,NO_SOUND,ENTER_DELAY,NO_CHK,Y
,468,DWS,STAY_ARM,OPEN_CLOSE,5,SOUND,ALARM,NO_CHK,5,Y,STAY_ARM,NO_SOUND,ENTER_DELAY,NO_CHK,Y
,469,DWS,STAY_ARM,OPEN_CLOSE,5,SOUND,ALARM,NO_CHK,5,Y,DISARM,NO_SOUND,DISARM,NO_CHK,Y
,470,DWS,STAY_ARM,OPEN_CLOSE,5,SOUND,ALARM,NO_CHK,5,N,AWAY_ARM,NO_SOUND,ENTER_DELAY,NO_CHK,Y
,471,DWS,STAY_ARM,OPEN_CLOSE,5,SOUND,ALARM,NO_CHK,5,N,STAY_ARM,NO_SOUND,ENTER_DELAY,NO_CHK,Y
,472,DWS,STAY_ARM,OPEN_CLOSE,5,SOUND,ALARM,NO_CHK,5,N,DISARM,NO_SOUND,DISARM,NO_CHK,Y
,473,DWS,STAY_ARM,OPEN_CLOSE,5,SOUND,ALARM,NO_CHK,5,N,DISARM_PIN_FAIL,NO_SOUND,ENTER_DELAY,NO_CHK,Y
,474,DWS,STAY_ARM,OPEN_CLOSE,5,SOUND,ALARM,NO_CHK,5,NOTHING,NOTHING,NO_SOUND,ENTER_DELAY,NO_CHK,Y
