id,result,clip_file
1,ignores,ignores
2,ignores,ignores
3,ignores,ignores
4,ignores,ignores
5,ignores,ignores
6,ignores,ignores
7,ignores,ignores
8,ignores,ignores
9,ignores,ignores
10,ignores,ignores
11,ignores,ignores
12,ignores,ignores
13,ignores,ignores
14,ignores,ignores
15,ignores,ignores
16,ignores,ignores
17,ignores,ignores
18,ignores,ignores
19,ignores,ignores
20,ignores,ignores
21,ignores,ignores
22,PASS,## Does not check of clip file.
23,PASS,## Does not check of clip file.
24,PASS,## Does not check of clip file.
25,PASS,## Does not check of clip file.
26,PASS,## Does not check of clip file.
27,PASS,## Does not check of clip file.
28,PASS,## Does not check of clip file.
29,PASS,## Does not check of clip file.
30,PASS,## Does not check of clip file.
31,PASS,## Does not check of clip file.
32,PASS,## Does not check of clip file.
33,PASS,## Does not check of clip file.
34,PASS,## Does not check of clip file.
35,PASS,## Does not check of clip file.
36,PASS,## Does not check of clip file.
37,PASS,## Does not check of clip file.
38,PASS,## Does not check of clip file.
39,PASS,## Does not check of clip file.
40,PASS,## Does not check of clip file.
41,PASS,## Does not check of clip file.
42,PASS,## Does not check of clip file.
43,FAIL,## Does not check of clip file.
44,FAIL,## Does not check of clip file.
45,PASS,## Does not check of clip file.
46,FAIL,## Does not check of clip file.
47,FAIL,## Does not check of clip file.
48,PASS,## Does not check of clip file.
49,PASS,## Does not check of clip file.
50,FAIL,## Does not check of clip file.
51,FAIL,## Does not check of clip file.
52,PASS,## Does not check of clip file.
53,FAIL,## Does not check of clip file.
54,FAIL,## Does not check of clip file.
55,PASS,## Does not check of clip file.
56,PASS,## Does not check of clip file.
57,FAIL,## Does not check of clip file.
58,FAIL,## Does not check of clip file.
59,PASS,## Does not check of clip file.
60,FAIL,## Does not check of clip file.
61,FAIL,## Does not check of clip file.
62,PASS,## Does not check of clip file.
63,PASS,## Does not check of clip file.
64,ignores,ignores
65,ignores,ignores
66,ignores,ignores
67,ignores,ignores
68,ignores,ignores
69,ignores,ignores
70,ignores,ignores
71,ignores,ignores
72,ignores,ignores
73,ignores,ignores
74,ignores,ignores
75,ignores,ignores
76,ignores,ignores
77,ignores,ignores
78,ignores,ignores
79,ignores,ignores
80,ignores,ignores
81,ignores,ignores
82,ignores,ignores
83,ignores,ignores
84,ignores,ignores
85,ignores,ignores
86,ignores,ignores
87,ignores,ignores
88,ignores,ignores
89,ignores,ignores
90,ignores,ignores
91,ignores,ignores
92,ignores,ignores
93,ignores,ignores
94,ignores,ignores
95,ignores,ignores
96,ignores,ignores
97,ignores,ignores
98,ignores,ignores
99,ignores,ignores
100,ignores,ignores
101,ignores,ignores
102,ignores,ignores
103,ignores,ignores
104,ignores,ignores
105,ignores,ignores
106,ignores,ignores
107,ignores,ignores
108,ignores,ignores
109,ignores,ignores
110,ignores,ignores
111,ignores,ignores
112,ignores,ignores
113,ignores,ignores
114,ignores,ignores
115,ignores,ignores
116,ignores,ignores
117,ignores,ignores
118,ignores,ignores
119,ignores,ignores
120,ignores,ignores
121,ignores,ignores
122,ignores,ignores
123,ignores,ignores
124,ignores,ignores
125,ignores,ignores
126,ignores,ignores
127,ignores,ignores
128,ignores,ignores
129,ignores,ignores
130,ignores,ignores
131,ignores,ignores
132,ignores,ignores
133,ignores,ignores
134,ignores,ignores
135,ignores,ignores
136,ignores,ignores
137,ignores,ignores
138,ignores,ignores
139,ignores,ignores
140,ignores,ignores
141,ignores,ignores
142,ignores,ignores
143,ignores,ignores
144,ignores,ignores
145,ignores,ignores
146,ignores,ignores
147,ignores,ignores
148,ignores,ignores
149,ignores,ignores
150,ignores,ignores
151,ignores,ignores
152,ignores,ignores
153,ignores,ignores
154,ignores,ignores
155,ignores,ignores
156,ignores,ignores
157,ignores,ignores
158,ignores,ignores
159,ignores,ignores
160,ignores,ignores
161,ignores,ignores
162,ignores,ignores
163,ignores,ignores
164,ignores,ignores
165,ignores,ignores
166,ignores,ignores
167,ignores,ignores
168,ignores,ignores
169,PASS,## Does not check of clip file.
170,PASS,## Does not check of clip file.
171,PASS,## Does not check of clip file.
172,PASS,## Does not check of clip file.
173,PASS,## Does not check of clip file.
174,PASS,## Does not check of clip file.
175,PASS,## Does not check of clip file.
176,PASS,## Does not check of clip file.
177,PASS,## Does not check of clip file.
178,PASS,## Does not check of clip file.
179,PASS,## Does not check of clip file.
180,PASS,## Does not check of clip file.
181,PASS,## Does not check of clip file.
182,PASS,## Does not check of clip file.
183,PASS,## Does not check of clip file.
184,PASS,## Does not check of clip file.
185,PASS,## Does not check of clip file.
186,PASS,## Does not check of clip file.
187,PASS,## Does not check of clip file.
188,PASS,## Does not check of clip file.
189,PASS,## Does not check of clip file.
190,PASS,## Does not check of clip file.
191,PASS,## Does not check of clip file.
192,PASS,## Does not check of clip file.
193,PASS,## Does not check of clip file.
194,PASS,## Does not check of clip file.
195,PASS,## Does not check of clip file.
196,PASS,## Does not check of clip file.
197,PASS,## Does not check of clip file.
198,PASS,## Does not check of clip file.
199,PASS,## Does not check of clip file.
200,PASS,## Does not check of clip file.
201,PASS,## Does not check of clip file.
202,PASS,## Does not check of clip file.
203,PASS,## Does not check of clip file.
204,PASS,## Does not check of clip file.
205,FAIL,## Does not check of clip file.
206,FAIL,## Does not check of clip file.
207,FAIL,## Does not check of clip file.
208,FAIL,## Does not check of clip file.
209,FAIL,## Does not check of clip file.
210,PASS,## Does not check of clip file.
211,ignores,ignores
212,ignores,ignores
213,ignores,ignores
214,ignores,ignores
215,ignores,ignores
216,ignores,ignores
217,ignores,ignores
218,ignores,ignores
219,ignores,ignores
220,ignores,ignores
221,ignores,ignores
222,ignores,ignores
223,ignores,ignores
224,ignores,ignores
225,ignores,ignores
226,ignores,ignores
227,ignores,ignores
228,ignores,ignores
229,ignores,ignores
230,ignores,ignores
231,ignores,ignores
232,ignores,ignores
233,ignores,ignores
234,ignores,ignores
235,ignores,ignores
236,ignores,ignores
237,ignores,ignores
238,ignores,ignores
239,ignores,ignores
240,ignores,ignores
241,ignores,ignores
242,ignores,ignores
243,ignores,ignores
244,ignores,ignores
245,ignores,ignores
246,ignores,ignores
247,ignores,ignores
248,ignores,ignores
249,ignores,ignores
250,ignores,ignores
251,ignores,ignores
252,ignores,ignores
253,ignores,ignores
254,ignores,ignores
255,ignores,ignores
256,ignores,ignores
257,ignores,ignores
258,ignores,ignores
259,ignores,ignores
260,ignores,ignores
261,ignores,ignores
262,ignores,ignores
263,ignores,ignores
264,ignores,ignores
265,ignores,ignores
266,ignores,ignores
267,ignores,ignores
268,ignores,ignores
269,ignores,ignores
270,ignores,ignores
271,ignores,ignores
272,ignores,ignores
273,ignores,ignores
274,ignores,ignores
275,ignores,ignores
276,ignores,ignores
277,ignores,ignores
278,ignores,ignores
279,ignores,ignores
280,ignores,ignores
281,ignores,ignores
282,ignores,ignores
283,PASS,/storage/get_media.mp4?media_id=37230&beacon=UVROR1JUSXpRekZDTnpoQ09VUXhRek5CT1VWQ056TTRNRGs1UkVZMlF6TTZkWE5sY2w5dVlXMWxQVGM0T1RSQ05FWTVOekF4TlNaMWMyVnlYM1J2YTJWdVBURTFNemt5TlRjNU16SXdNREVtYldGalBUYzRPVFJDTkVZNU56QXhOUT09
284,PASS,/storage/get_media.mp4?media_id=37232&beacon=TmpZNE5qUXdRekUwTVRVeE9FVXpNVVF4TWpjMU1VWXdPRVZHTWtNMFJqZzZkWE5sY2w5dVlXMWxQVGM0T1RSQ05FWTVOekF4TlNaMWMyVnlYM1J2YTJWdVBURTFNemt5TlRnek5UY3hNRFltYldGalBUYzRPVFJDTkVZNU56QXhOUT09
285,PASS,/storage/get_media.mp4?media_id=37234&beacon=TmpVM1F6a3pSa1JET0RnMk9FTTNOalF5UkRJd05FSkJORVUyTlVSRlEwSTZkWE5sY2w5dVlXMWxQVGM0T1RSQ05FWTVOekF4TlNaMWMyVnlYM1J2YTJWdVBURTFNemt5TlRnM09UTTBORGNtYldGalBUYzRPVFJDTkVZNU56QXhOUT09
286,PASS,/storage/get_media.mp4?media_id=37235&beacon=TmpBMFJUbERSRE5DTmtFNE1VSTRNMFF6UWpFek0wRXlNVUpFTmpNMFFUQTZkWE5sY2w5dVlXMWxQVGM0T1RSQ05FWTVOekF4TlNaMWMyVnlYM1J2YTJWdVBURTFNemt5TlRreU1qZzNNamdtYldGalBUYzRPVFJDTkVZNU56QXhOUT09
287,PASS,/storage/get_media.mp4?media_id=37237&beacon=UWpReVFqRTJNalZFUXpZNU16SkROa1l5UVRnM09EWXhORUU1TkVOR1EwSTZkWE5sY2w5dVlXMWxQVGM0T1RSQ05FWTVOekF4TlNaMWMyVnlYM1J2YTJWdVBURTFNemt5TlRrMk5qQXdNVGNtYldGalBUYzRPVFJDTkVZNU56QXhOUT09
288,PASS,/storage/get_media.mp4?media_id=37239&beacon=TlRRek0wWTFOVVJHTmtGR1FVTkZOVUl4UWpkR04wVkJNalU0UkRJNE5rTTZkWE5sY2w5dVlXMWxQVGM0T1RSQ05FWTVOekF4TlNaMWMyVnlYM1J2YTJWdVBURTFNemt5TmpBd09URTNNakFtYldGalBUYzRPVFJDTkVZNU56QXhOUT09
289,PASS,/storage/get_media.mp4?media_id=37240&beacon=TkRoQk5ESkVOMFF6TmpNd1JFTXlPVUZFUmpkRU1FRXlRamswUVVaR01UQTZkWE5sY2w5dVlXMWxQVGM0T1RSQ05FWTVOekF4TlNaMWMyVnlYM1J2YTJWdVBURTFNemt5TmpBMU1qSTFNRFltYldGalBUYzRPVFJDTkVZNU56QXhOUT09
290,PASS,/storage/get_media.mp4?media_id=37242&beacon=UVVRMVJEWkdSRUl4TWtKR016WXhSakpCTnpoRVFrRTBSak5DTWtZMFFVVTZkWE5sY2w5dVlXMWxQVGM0T1RSQ05FWTVOekF4TlNaMWMyVnlYM1J2YTJWdVBURTFNemt5TmpBNU5UYzBOelltYldGalBUYzRPVFJDTkVZNU56QXhOUT09
291,PASS,/storage/get_media.mp4?media_id=37244&beacon=T0RkRlFrWTJNelUzTlVNM1JEaENNelpDUXpGRk56UkNRMFl3T1Rrek5qQTZkWE5sY2w5dVlXMWxQVGM0T1RSQ05FWTVOekF4TlNaMWMyVnlYM1J2YTJWdVBURTFNemt5TmpFek9EWXpORFltYldGalBUYzRPVFJDTkVZNU56QXhOUT09
292,PASS,/storage/get_media.mp4?media_id=37246&beacon=TmprNE16UkZSVVl4UVRGRE9UTTRSVGRFUmtWR1FrSkJSRUZFT1VJMFJFSTZkWE5sY2w5dVlXMWxQVGM0T1RSQ05FWTVOekF4TlNaMWMyVnlYM1J2YTJWdVBURTFNemt5TmpFNU1qazBPREVtYldGalBUYzRPVFJDTkVZNU56QXhOUT09
293,PASS,/storage/get_media.mp4?media_id=37248&beacon=UlRVeFFqQkdOMFZHT1VaRFF6QkNRa0ZCTXpVMk1qZENSVU5FUWpoRVFrWTZkWE5sY2w5dVlXMWxQVGM0T1RSQ05FWTVOekF4TlNaMWMyVnlYM1J2YTJWdVBURTFNemt5TmpJME56VTBNelFtYldGalBUYzRPVFJDTkVZNU56QXhOUT09
294,PASS,/storage/get_media.mp4?media_id=37249&beacon=T1RVM016RTRPVUV6TURoRVFUZzVOVUUzUkRWRE9VVkVRa0l4UWpneFJEZzZkWE5sY2w5dVlXMWxQVGM0T1RSQ05FWTVOekF4TlNaMWMyVnlYM1J2YTJWdVBURTFNemt5TmpNd01qQTROVFltYldGalBUYzRPVFJDTkVZNU56QXhOUT09
295,PASS,/storage/get_media.mp4?media_id=37251&beacon=TVRWQ1FqTXpSVE00T0RoR05ETXpRVFF5TVVFek9USXpNMEkyUXpoRU1qWTZkWE5sY2w5dVlXMWxQVGM0T1RSQ05FWTVOekF4TlNaMWMyVnlYM1J2YTJWdVBURTFNemt5TmpNMU5qRTRPVFFtYldGalBUYzRPVFJDTkVZNU56QXhOUT09
296,PASS,/storage/get_media.mp4?media_id=37253&beacon=UWpsRlJEZzBOVEE1TlVKR04wRTBPRFZHTURGRU5qWTNOemRHUlVOQ00wTTZkWE5sY2w5dVlXMWxQVGM0T1RSQ05FWTVOekF4TlNaMWMyVnlYM1J2YTJWdVBURTFNemt5TmpReE1qQXpORGttYldGalBUYzRPVFJDTkVZNU56QXhOUT09
297,PASS,/storage/get_media.mp4?media_id=37254&beacon=TVRZME1UYzROVEUwTkRaRVF6bEJOVEpHUWpreU5qSXpPREF4TkRFNE5FRTZkWE5sY2w5dVlXMWxQVGM0T1RSQ05FWTVOekF4TlNaMWMyVnlYM1J2YTJWdVBURTFNemt5TmpRMk5EUTVOVE1tYldGalBUYzRPVFJDTkVZNU56QXhOUT09
298,PASS,/storage/get_media.mp4?media_id=37256&beacon=UmpZeE1rRkNSRVV6T1RsQk5EaEdNemcyTkRRMFJUZzFOVVkxTVVJMlJFSTZkWE5sY2w5dVlXMWxQVGM0T1RSQ05FWTVOekF4TlNaMWMyVnlYM1J2YTJWdVBURTFNemt5TmpVeE9EVTJOVFVtYldGalBUYzRPVFJDTkVZNU56QXhOUT09
299,FAIL,/storage/get_media.mp4?media_id=37258&beacon=UkRBMFJVUkJPRVJCTVRjNFFUZzBRamcyT1RORVJVSkZOVEJETkRoRlFrRTZkWE5sY2w5dVlXMWxQVGM0T1RSQ05FWTVOekF4TlNaMWMyVnlYM1J2YTJWdVBURTFNemt5TmpVM01qY3hNRFVtYldGalBUYzRPVFJDTkVZNU56QXhOUT09
300,FAIL,/storage/get_media.mp4?media_id=37259&beacon=TjBFNVFqUTROMFZCUmpVeVJqZ3lPREpETmpGQ01qUkZNRU5GTnpjMlFqRTZkWE5sY2w5dVlXMWxQVGM0T1RSQ05FWTVOekF4TlNaMWMyVnlYM1J2YTJWdVBURTFNemt5TmpZd01ETTJPVFltYldGalBUYzRPVFJDTkVZNU56QXhOUT09
301,FAIL,/storage/get_media.mp4?media_id=37260&beacon=TlVNNFJUazRSRE5FTlVOQk5rTXlSRGd4TTBZMVJqVXpNVFUxTnpjelJUUTZkWE5sY2w5dVlXMWxQVGM0T1RSQ05FWTVOekF4TlNaMWMyVnlYM1J2YTJWdVBURTFNemt5TmpZeU5qZzFOelVtYldGalBUYzRPVFJDTkVZNU56QXhOUT09
302,FAIL,/storage/get_media.mp4?media_id=37261&beacon=TVVSQ09UQTBPVUpGTmpCQk1EUkNPREpEUmpaRE56VkZRVVUzTVVNeFFVUTZkWE5sY2w5dVlXMWxQVGM0T1RSQ05FWTVOekF4TlNaMWMyVnlYM1J2YTJWdVBURTFNemt5TmpZMU1qUTNOVE1tYldGalBUYzRPVFJDTkVZNU56QXhOUT09
303,FAIL,/storage/get_media.mp4?media_id=37262&beacon=Tmpnek1FTXhNamhFUWpFeE1VSXpNVFpDUkRKRFJUSkVNREV3TVVVM05VUTZkWE5sY2w5dVlXMWxQVGM0T1RSQ05FWTVOekF4TlNaMWMyVnlYM1J2YTJWdVBURTFNemt5TmpZM09ETTNNVEFtYldGalBUYzRPVFJDTkVZNU56QXhOUT09
304,FAIL,/storage/get_media.mp4?media_id=37263&beacon=TnpaQlFqSTFPRUpDUWtaRVFqSTFOak5DUmpJek9VRkNOVE0xT0VNNVFUVTZkWE5sY2w5dVlXMWxQVGM0T1RSQ05FWTVOekF4TlNaMWMyVnlYM1J2YTJWdVBURTFNemt5Tmpjd05EY3hNRFFtYldGalBUYzRPVFJDTkVZNU56QXhOUT09
305,FAIL,/storage/get_media.mp4?media_id=37264&beacon=TmpNNE1USkZSa1k1TnpKQlJVRTNPVFl4TmtWRk5VUXlNekUxTkRWQ09UazZkWE5sY2w5dVlXMWxQVGM0T1RSQ05FWTVOekF4TlNaMWMyVnlYM1J2YTJWdVBURTFNemt5TmpjeU9UUTBNRFFtYldGalBUYzRPVFJDTkVZNU56QXhOUT09
306,FAIL,/storage/get_media.mp4?media_id=37265&beacon=T1VZek1ESTVSa1E1T0RaRFJEbEdNMEZETWpOQk1rTTROMFl3UmpFMU1FSTZkWE5sY2w5dVlXMWxQVGM0T1RSQ05FWTVOekF4TlNaMWMyVnlYM1J2YTJWdVBURTFNemt5TmpjMU5UUTVPRFVtYldGalBUYzRPVFJDTkVZNU56QXhOUT09
307,PASS,/storage/get_media.mp4?media_id=37266&beacon=TVVFd05EY3hSVFV4TlVJMk5EWTJRVEl3T0RrMFFUazJNMFl5TmpkRFJETTZkWE5sY2w5dVlXMWxQVGM0T1RSQ05FWTVOekF4TlNaMWMyVnlYM1J2YTJWdVBURTFNemt5TmpjNE1UUTBNVEFtYldGalBUYzRPVFJDTkVZNU56QXhOUT09
308,PASS,/storage/get_media.mp4?media_id=37267&beacon=UkVGRFFqQTBNMFpDTkVGRFFqYzNRVEV5UkVNelJUUTJORVkyTjBJM1JEWTZkWE5sY2w5dVlXMWxQVGM0T1RSQ05FWTVOekF4TlNaMWMyVnlYM1J2YTJWdVBURTFNemt5TmpneU5UVTVORFltYldGalBUYzRPVFJDTkVZNU56QXhOUT09
309,PASS,/storage/get_media.mp4?media_id=37268&beacon=T0VJNFFUSXpORFpETkRjM01VWkdNREUwTjBaRVJUZ3hRa0pDT0RaR1F6WTZkWE5sY2w5dVlXMWxQVGM0T1RSQ05FWTVOekF4TlNaMWMyVnlYM1J2YTJWdVBURTFNemt5TmpnMk9UWTBNRGttYldGalBUYzRPVFJDTkVZNU56QXhOUT09
310,PASS,/storage/get_media.mp4?media_id=37269&beacon=UmpoRU1qSTRPRGxHTURrd1EwWXlOVGd6TlVGRlJrUTNNRVEyT0RFd1JVTTZkWE5sY2w5dVlXMWxQVGM0T1RSQ05FWTVOekF4TlNaMWMyVnlYM1J2YTJWdVBURTFNemt5TmpreE16TXhNRGttYldGalBUYzRPVFJDTkVZNU56QXhOUT09
311,PASS,/storage/get_media.mp4?media_id=37270&beacon=TmpaRE9UY3lSREJGUlRBeFJVRkROVGhETmtVeU9ERkZOVEZCUkVReE4wUTZkWE5sY2w5dVlXMWxQVGM0T1RSQ05FWTVOekF4TlNaMWMyVnlYM1J2YTJWdVBURTFNemt5TmprMU5qZ3pPVE1tYldGalBUYzRPVFJDTkVZNU56QXhOUT09
312,PASS,/storage/get_media.mp4?media_id=37271&beacon=UTBKRk5qbEZRamN5T1RsR09VSTFSVVJGTkRJMk1VTTROalpDUkVKQ1FqUTZkWE5sY2w5dVlXMWxQVGM0T1RSQ05FWTVOekF4TlNaMWMyVnlYM1J2YTJWdVBURTFNemt5TnpBd01EQTNNREFtYldGalBUYzRPVFJDTkVZNU56QXhOUT09
313,PASS,/storage/get_media.mp4?media_id=37272&beacon=TWtSRlJVSTBOVFJEUVVVMU5qYzNNa0kxUlRCRlEwRXdRVGd6TVRVeVFVRTZkWE5sY2w5dVlXMWxQVGM0T1RSQ05FWTVOekF4TlNaMWMyVnlYM1J2YTJWdVBURTFNemt5TnpBME16azBNekltYldGalBUYzRPVFJDTkVZNU56QXhOUT09
314,PASS,/storage/get_media.mp4?media_id=37273&beacon=TVVSR09UbERNRE13TXpRNFEwUTFOREU0TkRaRU0wWXhPRVF6TVRnMU1UUTZkWE5sY2w5dVlXMWxQVGM0T1RSQ05FWTVOekF4TlNaMWMyVnlYM1J2YTJWdVBURTFNemt5TnpBNE56TXpNVEltYldGalBUYzRPVFJDTkVZNU56QXhOUT09
315,PASS,/storage/get_media.mp4?media_id=37274&beacon=TURFM05qa3dPVVl3UlVaR05qZzRSak0wTmpNMk56UTBNRVl6TURFM05qZzZkWE5sY2w5dVlXMWxQVGM0T1RSQ05FWTVOekF4TlNaMWMyVnlYM1J2YTJWdVBURTFNemt5TnpFek1UQXdNakVtYldGalBUYzRPVFJDTkVZNU56QXhOUT09
316,PASS,/storage/get_media.mp4?media_id=37275&beacon=TTBJNU56VTROekpFTXpWR05qaERSRUZCT1RNME5EQTBSVUUxUlVZek1rWTZkWE5sY2w5dVlXMWxQVGM0T1RSQ05FWTVOekF4TlNaMWMyVnlYM1J2YTJWdVBURTFNemt5TnpFNE5UTTFPRFFtYldGalBUYzRPVFJDTkVZNU56QXhOUT09
317,PASS,/storage/get_media.mp4?media_id=37276&beacon=UVVSRFEwTTFRa0kyTnpNNE9UY3pOMFpFT1ROQk1UQXdNa1UwTWpBeU5UTTZkWE5sY2w5dVlXMWxQVGM0T1RSQ05FWTVOekF4TlNaMWMyVnlYM1J2YTJWdVBURTFNemt5TnpJME1EWXdNalVtYldGalBUYzRPVFJDTkVZNU56QXhOUT09
318,PASS,/storage/get_media.mp4?media_id=37277&beacon=T0Rrek0wUXhSRGc1TXpVeU9EVkVOalpCTkRsQ01rRkROamt6TXpBMU1VTTZkWE5sY2w5dVlXMWxQVGM0T1RSQ05FWTVOekF4TlNaMWMyVnlYM1J2YTJWdVBURTFNemt5TnpJNU5qRXlPREVtYldGalBUYzRPVFJDTkVZNU56QXhOUT09
319,PASS,/storage/get_media.mp4?media_id=37278&beacon=TTBKRU0wRTFSa00zTURVNVJUWTNRVVV6TURaQk1EWTFOVFEyTjBOQlFqWTZkWE5sY2w5dVlXMWxQVGM0T1RSQ05FWTVOekF4TlNaMWMyVnlYM1J2YTJWdVBURTFNemt5TnpNMU1qTTRNakltYldGalBUYzRPVFJDTkVZNU56QXhOUT09
320,PASS,/storage/get_media.mp4?media_id=37279&beacon=UWtVMVF6VkdNVFV5TmpBM1JUTXlNamM0UmpRMk5qTkVPVGd6UXpFNVEwRTZkWE5sY2w5dVlXMWxQVGM0T1RSQ05FWTVOekF4TlNaMWMyVnlYM1J2YTJWdVBURTFNemt5TnpRd05ESTJOekFtYldGalBUYzRPVFJDTkVZNU56QXhOUT09
321,PASS,/storage/get_media.mp4?media_id=37280&beacon=TlRReVEwRXpRVGt4UXpBMk9ETTFOamN6UmtFNE5EUTNSa1k0TjBSR1JUWTZkWE5sY2w5dVlXMWxQVGM0T1RSQ05FWTVOekF4TlNaMWMyVnlYM1J2YTJWdVBURTFNemt5TnpRMU9EZ3lOakVtYldGalBUYzRPVFJDTkVZNU56QXhOUT09
322,PASS,/storage/get_media.mp4?media_id=37281&beacon=TkVaRlJEZERRalUzT1VWR05FVTJNekF3T0RjelJUTXhNRGhCUWpnMVEwRTZkWE5sY2w5dVlXMWxQVGM0T1RSQ05FWTVOekF4TlNaMWMyVnlYM1J2YTJWdVBURTFNemt5TnpVeE16TXdNakVtYldGalBUYzRPVFJDTkVZNU56QXhOUT09
323,FAIL,/storage/get_media.mp4?media_id=37282&beacon=UmtJd1JqTTFRelF5TVVWRU5UZ3pSa1pDTnpFMk1EUkZPVVE0TVRRMU5FRTZkWE5sY2w5dVlXMWxQVGM0T1RSQ05FWTVOekF4TlNaMWMyVnlYM1J2YTJWdVBURTFNemt5TnpVMk9EQTBOek1tYldGalBUYzRPVFJDTkVZNU56QXhOUT09
324,FAIL,/storage/get_media.mp4?media_id=37283&beacon=TmpWR05ERTBORGc0TmpBMFFrRXpSVFE0TmtJeVF6Y3hOa00yUkVJeU56YzZkWE5sY2w5dVlXMWxQVGM0T1RSQ05FWTVOekF4TlNaMWMyVnlYM1J2YTJWdVBURTFNemt5TnpVNU5EVXhPVGNtYldGalBUYzRPVFJDTkVZNU56QXhOUT09
325,FAIL,/storage/get_media.mp4?media_id=37284&beacon=T0RRME9UazNPVVJETURaQ1F6UkdSRGd3UkVKR1EwVkRRalE0UWtaQk0wVTZkWE5sY2w5dVlXMWxQVGM0T1RSQ05FWTVOekF4TlNaMWMyVnlYM1J2YTJWdVBURTFNemt5TnpZeU1UTTJOak1tYldGalBUYzRPVFJDTkVZNU56QXhOUT09
326,FAIL,/storage/get_media.mp4?media_id=37285&beacon=UmpBMk1FTTFOa1ZFTVRRelFUTkJRelF5TVRGR1F6SkVRMFk1TnpSQk9UUTZkWE5sY2w5dVlXMWxQVGM0T1RSQ05FWTVOekF4TlNaMWMyVnlYM1J2YTJWdVBURTFNemt5TnpZME56QTNORFltYldGalBUYzRPVFJDTkVZNU56QXhOUT09
327,FAIL,/storage/get_media.mp4?media_id=37286&beacon=UVVWQ1JqZzJOVVpEUVRaQlJEZzJSRGc0T0RRek1ETkNSRGN5UTBVMFFUSTZkWE5sY2w5dVlXMWxQVGM0T1RSQ05FWTVOekF4TlNaMWMyVnlYM1J2YTJWdVBURTFNemt5TnpZM016UTJNakltYldGalBUYzRPVFJDTkVZNU56QXhOUT09
328,FAIL,/storage/get_media.mp4?media_id=37287&beacon=T1RORFF6TkdSRVZHTmtKQk5rTkJRelV5TkRJMk9VSTROREU1TkRneFJEUTZkWE5sY2w5dVlXMWxQVGM0T1RSQ05FWTVOekF4TlNaMWMyVnlYM1J2YTJWdVBURTFNemt5TnpZNU9Ua3lOekFtYldGalBUYzRPVFJDTkVZNU56QXhOUT09
329,FAIL,/storage/get_media.mp4?media_id=37288&beacon=TVVORk9UYzBNemcyTURSR1JUUkJNRE5GTlRneU9FTTNSVUV6UkRsRFJrWTZkWE5sY2w5dVlXMWxQVGM0T1RSQ05FWTVOekF4TlNaMWMyVnlYM1J2YTJWdVBURTFNemt5TnpjeU5UZ3pNRGdtYldGalBUYzRPVFJDTkVZNU56QXhOUT09
330,FAIL,/storage/get_media.mp4?media_id=37289&beacon=TmtZd09ESXdPVU5FUkRCRU9UaENSa1F4UTBJMU9UUTBPVVUyT0RFNU9EUTZkWE5sY2w5dVlXMWxQVGM0T1RSQ05FWTVOekF4TlNaMWMyVnlYM1J2YTJWdVBURTFNemt5TnpjMU16VTROVGNtYldGalBUYzRPVFJDTkVZNU56QXhOUT09
331,ignores,ignores
332,ignores,ignores
333,ignores,ignores
334,ignores,ignores
335,ignores,ignores
336,ignores,ignores
337,ignores,ignores
338,ignores,ignores
339,FAIL,/storage/get_media.mp4?media_id=37290&beacon=TnpZMlF6RTRORGs1TlRNNU1UUTVOa1pCUXpsRE5EVTFORU5DUTBVMlJqYzZkWE5sY2w5dVlXMWxQVGM0T1RSQ05FWTVOekF4TlNaMWMyVnlYM1J2YTJWdVBURTFNemt5TnpjNE1EQTVOamNtYldGalBUYzRPVFJDTkVZNU56QXhOUT09
340,FAIL,/storage/get_media.mp4?media_id=37293&beacon=UWpaQ09UZ3lRVEUyUlVFM1JUSXhPRFEyUmtFMU1qTTVOek5GUkVFelF6TTZkWE5sY2w5dVlXMWxQVGM0T1RSQ05FWTVOekF4TlNaMWMyVnlYM1J2YTJWdVBURTFNemt5TnpnME1UUTBNREltYldGalBUYzRPVFJDTkVZNU56QXhOUT09
341,FAIL,/storage/get_media.mp4?media_id=37296&beacon=TmpBMVFUVXlOelEwUkVRM1FVSkVNamc0UmpFd01qZEVNamswTVRBeE9UWTZkWE5sY2w5dVlXMWxQVGM0T1RSQ05FWTVOekF4TlNaMWMyVnlYM1J2YTJWdVBURTFNemt5Tnprd01UYzFNalVtYldGalBUYzRPVFJDTkVZNU56QXhOUT09
342,FAIL,/storage/get_media.mp4?media_id=37299&beacon=TmpjNE1EZEZOa0kxTlVFek1rUTVPRVpHTlRReE1rSTROelpDUTBORk16RTZkWE5sY2w5dVlXMWxQVGM0T1RSQ05FWTVOekF4TlNaMWMyVnlYM1J2YTJWdVBURTFNemt5TnprMk1qZzVNREltYldGalBUYzRPVFJDTkVZNU56QXhOUT09
343,FAIL,/storage/get_media.mp4?media_id=37302&beacon=UkVFeFJqWTROek5CUTBWRFJUVXhSa1JFUkVJeU1UVXlNRUZDUXpreU9UWTZkWE5sY2w5dVlXMWxQVGM0T1RSQ05FWTVOekF4TlNaMWMyVnlYM1J2YTJWdVBURTFNemt5T0RBeU16TXlNemNtYldGalBUYzRPVFJDTkVZNU56QXhOUT09
344,FAIL,/storage/get_media.mp4?media_id=37305&beacon=T1RBeU1rWTBPRVExTnpZMFJUZERPVGxCTkRCQlFURTFPRGRGTmprek56ZzZkWE5sY2w5dVlXMWxQVGM0T1RSQ05FWTVOekF4TlNaMWMyVnlYM1J2YTJWdVBURTFNemt5T0RBNE16WXpOVFFtYldGalBUYzRPVFJDTkVZNU56QXhOUT09
345,FAIL,/storage/get_media.mp4?media_id=37308&beacon=Umprek4wRkNOMEZHT1RKR01EWkZRVVkyUmpKRlFVRXhOVVpFTjBJME9ERTZkWE5sY2w5dVlXMWxQVGM0T1RSQ05FWTVOekF4TlNaMWMyVnlYM1J2YTJWdVBURTFNemt5T0RFME16azFOVE1tYldGalBUYzRPVFJDTkVZNU56QXhOUT09
346,FAIL,/storage/get_media.mp4?media_id=37311&beacon=TmpZME16WkVOVGRCT0VKRlJqWXdRVVk1UWtVeU5FSXhSRGsyUWpRd01qZzZkWE5sY2w5dVlXMWxQVGM0T1RSQ05FWTVOekF4TlNaMWMyVnlYM1J2YTJWdVBURTFNemt5T0RJd05EWXpPRFVtYldGalBUYzRPVFJDTkVZNU56QXhOUT09
347,FAIL,/storage/get_media.mp4?media_id=37314&beacon=UWpkR1JUQkZSVGMwTlRoRVFrVTBOVFEzTnprelFqUkZSalZETmtNME5qRTZkWE5sY2w5dVlXMWxQVGM0T1RSQ05FWTVOekF4TlNaMWMyVnlYM1J2YTJWdVBURTFNemt5T0RJMk5EYzFNVFFtYldGalBUYzRPVFJDTkVZNU56QXhOUT09
348,FAIL,/storage/get_media.mp4?media_id=37317&beacon=UmtNMk1USTFSa0kyUlRVMk9EbEJOVGREUkRRNE56TXdNREl5UmpVd1JVWTZkWE5sY2w5dVlXMWxQVGM0T1RSQ05FWTVOekF4TlNaMWMyVnlYM1J2YTJWdVBURTFNemt5T0RNeU5qQXdOemttYldGalBUYzRPVFJDTkVZNU56QXhOUT09
349,FAIL,/storage/get_media.mp4?media_id=37320&beacon=TmpRM05UQXlNa1JHTlRaRU1VUTFRemd5UlVVek56RTJOekpHTkRBNVFqUTZkWE5sY2w5dVlXMWxQVGM0T1RSQ05FWTVOekF4TlNaMWMyVnlYM1J2YTJWdVBURTFNemt5T0RNNE5qZ3hOamdtYldGalBUYzRPVFJDTkVZNU56QXhOUT09
350,FAIL,/storage/get_media.mp4?media_id=37323&beacon=UmpKQ09ESkdSVUV5T0VaR1JUa3lRVEV3TXpBMU1FTXlOemMzTUVNM1JFRTZkWE5sY2w5dVlXMWxQVGM0T1RSQ05FWTVOekF4TlNaMWMyVnlYM1J2YTJWdVBURTFNemt5T0RRME56azBNak1tYldGalBUYzRPVFJDTkVZNU56QXhOUT09
351,FAIL,/storage/get_media.mp4?media_id=37326&beacon=TjBGQ05USXdNek0wT0RJeVFUZ3hPRFE1TlRRMk1qazNNelZFTlRCRk1FVTZkWE5sY2w5dVlXMWxQVGM0T1RSQ05FWTVOekF4TlNaMWMyVnlYM1J2YTJWdVBURTFNemt5T0RVd09EVTVOalFtYldGalBUYzRPVFJDTkVZNU56QXhOUT09
352,FAIL,/storage/get_media.mp4?media_id=37329&beacon=TnpjeFJVWXhSRU16TjBRNE5VVXlNRGd5UTBNNU5UUkNOMEpDT1RSRVFVUTZkWE5sY2w5dVlXMWxQVGM0T1RSQ05FWTVOekF4TlNaMWMyVnlYM1J2YTJWdVBURTFNemt5T0RVMk9UUXpORGdtYldGalBUYzRPVFJDTkVZNU56QXhOUT09
353,FAIL,/storage/get_media.mp4?media_id=37332&beacon=TURRMU4wUTBRVGhETXpSQlEwTTRPVUZHTnpSRlFUa3lSalZGTURaRU9FSTZkWE5sY2w5dVlXMWxQVGM0T1RSQ05FWTVOekF4TlNaMWMyVnlYM1J2YTJWdVBURTFNemt5T0RZek1EVTFNREltYldGalBUYzRPVFJDTkVZNU56QXhOUT09
354,FAIL,/storage/get_media.mp4?media_id=37335&beacon=T1VJMk9VRTVSalF6UlVSQ05rWkdPRFJHUWtVNFJESTJSVGt5UkRaR09UYzZkWE5sY2w5dVlXMWxQVGM0T1RSQ05FWTVOekF4TlNaMWMyVnlYM1J2YTJWdVBURTFNemt5T0RjeE56WXhOVGNtYldGalBUYzRPVFJDTkVZNU56QXhOUT09
355,ignores,ignores
356,ignores,ignores
357,ignores,ignores
358,ignores,ignores
359,ignores,ignores
360,ignores,ignores
361,ignores,ignores
362,ignores,ignores
363,ignores,ignores
364,ignores,ignores
365,ignores,ignores
366,ignores,ignores
367,ignores,ignores
368,ignores,ignores
369,ignores,ignores
370,ignores,ignores
371,ignores,ignores
372,ignores,ignores
373,ignores,ignores
374,ignores,ignores
375,ignores,ignores
376,ignores,ignores
377,ignores,ignores
378,ignores,ignores
379,ignores,ignores
380,ignores,ignores
381,ignores,ignores
382,ignores,ignores
383,ignores,ignores
384,ignores,ignores
385,ignores,ignores
386,ignores,ignores
387,ignores,ignores
388,ignores,ignores
389,ignores,ignores
390,ignores,ignores
391,ignores,ignores
392,ignores,ignores
393,ignores,ignores
394,ignores,ignores
395,ignores,ignores
396,ignores,ignores
397,ignores,ignores
398,ignores,ignores
399,ignores,ignores
400,ignores,ignores
401,ignores,ignores
402,ignores,ignores
403,ignores,ignores
404,ignores,ignores
405,ignores,ignores
406,ignores,ignores
407,ignores,ignores
408,ignores,ignores
409,ignores,ignores
410,ignores,ignores
411,ignores,ignores
412,ignores,ignores
413,ignores,ignores
414,ignores,ignores
415,ignores,ignores
416,ignores,ignores
417,ignores,ignores
418,ignores,ignores
419,ignores,ignores
420,ignores,ignores
421,ignores,ignores
422,ignores,ignores
423,ignores,ignores
424,ignores,ignores
425,ignores,ignores
426,ignores,ignores
427,PASS,/storage/get_media.mp4?media_id=37337&beacon=UkRNek5UZzJNRE5CT1VRMU56WXpSak5GT0RGR1FqSXhNVFl3TXpKR01UQTZkWE5sY2w5dVlXMWxQVGM0T1RSQ05FWTVOekF4TlNaMWMyVnlYM1J2YTJWdVBURTFNemt5T0Rjek1qa3lNVFltYldGalBUYzRPVFJDTkVZNU56QXhOUT09
428,PASS,/storage/get_media.mp4?media_id=37339&beacon=UWtRMk1USXdNakZCUlRkRE9UUkJORVl5TkRRd09UQkNOREUyTnpZelFUTTZkWE5sY2w5dVlXMWxQVGM0T1RSQ05FWTVOekF4TlNaMWMyVnlYM1J2YTJWdVBURTFNemt5T0RjMU9ERTFNemdtYldGalBUYzRPVFJDTkVZNU56QXhOUT09
429,PASS,/storage/get_media.mp4?media_id=37341&beacon=UWpSRk9EVTNSVUV4UVVJMU5EZEVRa1l3TkRaRU5UVkRORVpHTkRRMlJqUTZkWE5sY2w5dVlXMWxQVGM0T1RSQ05FWTVOekF4TlNaMWMyVnlYM1J2YTJWdVBURTFNemt5T0RjNE16TXlPVE1tYldGalBUYzRPVFJDTkVZNU56QXhOUT09
430,PASS,/storage/get_media.mp4?media_id=37342&beacon=T1VKR05ESkdNek16TjBReVJqazFPVVV5TVRKQ05qazVNVEZETkRZMlFrUTZkWE5sY2w5dVlXMWxQVGM0T1RSQ05FWTVOekF4TlNaMWMyVnlYM1J2YTJWdVBURTFNemt5T0Rnd09UTTJNek1tYldGalBUYzRPVFJDTkVZNU56QXhOUT09
431,PASS,/storage/get_media.mp4?media_id=37344&beacon=TmpkRVJFWkdOelU1TURBMVJrUkZORFZETVVJeVF6TXlOa0UzUWpRd1FqUTZkWE5sY2w5dVlXMWxQVGM0T1RSQ05FWTVOekF4TlNaMWMyVnlYM1J2YTJWdVBURTFNemt5T0Rnek5EazBPVE1tYldGalBUYzRPVFJDTkVZNU56QXhOUT09
432,PASS,/storage/get_media.mp4?media_id=37346&beacon=TlRsRk1UWTFNRVV5UVRVeVFrTkdPVVZCTVRkR09EQTRNRUZFUlVNNE1ESTZkWE5sY2w5dVlXMWxQVGM0T1RSQ05FWTVOekF4TlNaMWMyVnlYM1J2YTJWdVBURTFNemt5T0RnMU9ERTBOREltYldGalBUYzRPVFJDTkVZNU56QXhOUT09
433,PASS,/storage/get_media.mp4?media_id=37347&beacon=UmtVMU5FSXdRamd5TnpVMk5EaEVRemM1UWpaRk5EWTJOMFpDT0RFeFJURTZkWE5sY2w5dVlXMWxQVGM0T1RSQ05FWTVOekF4TlNaMWMyVnlYM1J2YTJWdVBURTFNemt5T0RnNE16SXdNVE1tYldGalBUYzRPVFJDTkVZNU56QXhOUT09
434,PASS,/storage/get_media.mp4?media_id=37348&beacon=TXpNek56TkRPVE5DUWpZNE56RkNSRGhGUmpBeU1VWXhNamREUXpsRE1rWTZkWE5sY2w5dVlXMWxQVGM0T1RSQ05FWTVOekF4TlNaMWMyVnlYM1J2YTJWdVBURTFNemt5T0Rrd05UUTVOemttYldGalBUYzRPVFJDTkVZNU56QXhOUT09
435,PASS,/storage/get_media.mp4?media_id=37351&beacon=TWpORE5FSkNPVVkzUVRGQ01EUXdRMEkwTXpnd05VVkJRelJFUkVRMk4wSTZkWE5sY2w5dVlXMWxQVGM0T1RSQ05FWTVOekF4TlNaMWMyVnlYM1J2YTJWdVBURTFNemt5T0Rrek1qQTJNREFtYldGalBUYzRPVFJDTkVZNU56QXhOUT09
436,PASS,/storage/get_media.mp4?media_id=37353&beacon=T0VZMFFrVTRNVUUxUXpKR1FUa3lNekkyUWtVd01UUTBOVEUwT0RFeU5FUTZkWE5sY2w5dVlXMWxQVGM0T1RSQ05FWTVOekF4TlNaMWMyVnlYM1J2YTJWdVBURTFNemt5T0RrMk9ETXhPVGttYldGalBUYzRPVFJDTkVZNU56QXhOUT09
437,PASS,/storage/get_media.mp4?media_id=37355&beacon=TkRFMU5rWXhRamt5TlVJeU5UWXdSRVl3TnpNMk5EVTJNVVl3UWpBeU1qWTZkWE5sY2w5dVlXMWxQVGM0T1RSQ05FWTVOekF4TlNaMWMyVnlYM1J2YTJWdVBURTFNemt5T1RBd05EUTRNVGdtYldGalBUYzRPVFJDTkVZNU56QXhOUT09
438,PASS,/storage/get_media.mp4?media_id=37356&beacon=UlRrek5FTTRSRGN5UlVVNU0wSkdRekEzTTBZeU5VSkNOVFJEUWtZNE9UYzZkWE5sY2w5dVlXMWxQVGM0T1RSQ05FWTVOekF4TlNaMWMyVnlYM1J2YTJWdVBURTFNemt5T1RBME1qTXdOVEltYldGalBUYzRPVFJDTkVZNU56QXhOUT09
439,PASS,/storage/get_media.mp4?media_id=37358&beacon=UlRWQk5FWXhORGN6TTBZME5UUkRNems0T0VFd1FURTFRVGMxT0RRek9EUTZkWE5sY2w5dVlXMWxQVGM0T1RSQ05FWTVOekF4TlNaMWMyVnlYM1J2YTJWdVBURTFNemt5T1RBM05qazVOelltYldGalBUYzRPVFJDTkVZNU56QXhOUT09
440,PASS,/storage/get_media.mp4?media_id=37360&beacon=TjBZd01ERXhOek0wTVRZeU1ERTBOVE0zUVRBMVJrSXdSVGM1TjBRMk5UVTZkWE5sY2w5dVlXMWxQVGM0T1RSQ05FWTVOekF4TlNaMWMyVnlYM1J2YTJWdVBURTFNemt5T1RFeE1qUXlNREFtYldGalBUYzRPVFJDTkVZNU56QXhOUT09
441,PASS,/storage/get_media.mp4?media_id=37361&beacon=TVVZMU56Y3dNa1ZET0VWRU1FSXhRelEyUkRBeU5EUkZNVGN4TjBOR1FrVTZkWE5sY2w5dVlXMWxQVGM0T1RSQ05FWTVOekF4TlNaMWMyVnlYM1J2YTJWdVBURTFNemt5T1RFME9EQXpNRGdtYldGalBUYzRPVFJDTkVZNU56QXhOUT09
442,PASS,/storage/get_media.mp4?media_id=37363&beacon=TVVKRE9URXdSVFF4TWtFMFJEQkdRa1E1TWpRek0wUTVRa1pETkRreFJVVTZkWE5sY2w5dVlXMWxQVGM0T1RSQ05FWTVOekF4TlNaMWMyVnlYM1J2YTJWdVBURTFNemt5T1RFNE16WTFOVFltYldGalBUYzRPVFJDTkVZNU56QXhOUT09
443,FAIL,/storage/get_media.mp4?media_id=37365&beacon=T0RNNVFqWTNRalJFT1RORk1ETkVSVVZFUWpZeVFqTXlNemt4UVVNME16azZkWE5sY2w5dVlXMWxQVGM0T1RSQ05FWTVOekF4TlNaMWMyVnlYM1J2YTJWdVBURTFNemt5T1RJeE9URTNOak1tYldGalBUYzRPVFJDTkVZNU56QXhOUT09
444,FAIL,/storage/get_media.mp4?media_id=37366&beacon=UWpjeE5rVkJRamczTmpkR05UUkZNVVF4TkRReU5EZ3lSRVF6TkRGRlJFSTZkWE5sY2w5dVlXMWxQVGM0T1RSQ05FWTVOekF4TlNaMWMyVnlYM1J2YTJWdVBURTFNemt5T1RJeU5qRTROREFtYldGalBUYzRPVFJDTkVZNU56QXhOUT09
445,PASS,/storage/get_media.mp4?media_id=37367&beacon=UVVWQk1qUXhSVE16UkVGRE9UY3dRVFJHTUVNeVJUZ3hNek5HUkRrMU5qazZkWE5sY2w5dVlXMWxQVGM0T1RSQ05FWTVOekF4TlNaMWMyVnlYM1J2YTJWdVBURTFNemt5T1RJek16TXdOak1tYldGalBUYzRPVFJDTkVZNU56QXhOUT09
446,FAIL,/storage/get_media.mp4?media_id=37368&beacon=UmpoRU1rWkNOVFJFTlVRek1FVTRNakpFTWpGQ01FTTFRell3TlVKQlFUQTZkWE5sY2w5dVlXMWxQVGM0T1RSQ05FWTVOekF4TlNaMWMyVnlYM1J2YTJWdVBURTFNemt5T1RJek9UUXpNRFltYldGalBUYzRPVFJDTkVZNU56QXhOUT09
447,FAIL,/storage/get_media.mp4?media_id=37369&beacon=UmtNd01qUkZOVU0yUlRVNU5FWTJPVGhGTkVFMk1rWXhOMFV4UlVKRE1rTTZkWE5sY2w5dVlXMWxQVGM0T1RSQ05FWTVOekF4TlNaMWMyVnlYM1J2YTJWdVBURTFNemt5T1RJME5qQTJNek1tYldGalBUYzRPVFJDTkVZNU56QXhOUT09
448,PASS,/storage/get_media.mp4?media_id=37370&beacon=T1RCQ01EWXpRelUyTWpjMU5rWkZOVFZGTkRWQk5VWkdPVUZGT1RVNU9USTZkWE5sY2w5dVlXMWxQVGM0T1RSQ05FWTVOekF4TlNaMWMyVnlYM1J2YTJWdVBURTFNemt5T1RJMU1qYzVNakltYldGalBUYzRPVFJDTkVZNU56QXhOUT09
449,FAIL,/storage/get_media.mp4?media_id=37371&beacon=T1VWQ05VTTBRems1TkRCQ01UZEdSVVkyTVVJeU1EZ3lNREV5T0RrNVJFUTZkWE5sY2w5dVlXMWxQVGM0T1RSQ05FWTVOekF4TlNaMWMyVnlYM1J2YTJWdVBURTFNemt5T1RJMU9EUXpOREltYldGalBUYzRPVFJDTkVZNU56QXhOUT09
450,FAIL,/storage/get_media.mp4?media_id=37372&beacon=T1RjM1FqTkJSRE5HUVVSRlJrVkZORFpET0RaRU5qY3pSVU0xT1VORFEwRTZkWE5sY2w5dVlXMWxQVGM0T1RSQ05FWTVOekF4TlNaMWMyVnlYM1J2YTJWdVBURTFNemt5T1RJMk5UQTNPVEVtYldGalBUYzRPVFJDTkVZNU56QXhOUT09
451,PASS,/storage/get_media.mp4?media_id=37373&beacon=T1RNelFUbEROamREUkVZNU0wVkRSRGREUmpWRU1EZERNREF5UkVORFF6RTZkWE5sY2w5dVlXMWxQVGM0T1RSQ05FWTVOekF4TlNaMWMyVnlYM1J2YTJWdVBURTFNemt5T1RJM01UVTNNRE1tYldGalBUYzRPVFJDTkVZNU56QXhOUT09
452,PASS,/storage/get_media.mp4?media_id=37374&beacon=TWpBM04wTXhSVGRFTmtNeVJEQkNORGhCTWtVMFFUUTFSakkyUmpZNU9UYzZkWE5sY2w5dVlXMWxQVGM0T1RSQ05FWTVOekF4TlNaMWMyVnlYM1J2YTJWdVBURTFNemt5T1RJNU56QTVOemttYldGalBUYzRPVFJDTkVZNU56QXhOUT09
453,PASS,/storage/get_media.mp4?media_id=37375&beacon=UkRCQlJqTkZNRUUzTkRjMk5qVTFNREZCTXpFeVEwWXhORGRCT0RsRU5VWTZkWE5sY2w5dVlXMWxQVGM0T1RSQ05FWTVOekF4TlNaMWMyVnlYM1J2YTJWdVBURTFNemt5T1RNeU1qWTVOVEFtYldGalBUYzRPVFJDTkVZNU56QXhOUT09
454,PASS,/storage/get_media.mp4?media_id=37376&beacon=TWtZeU5EVXpNMFpFTWtaRE5FTTBNemRDTjBGQ05EZ3dPRVpDUWpWRVFqUTZkWE5sY2w5dVlXMWxQVGM0T1RSQ05FWTVOekF4TlNaMWMyVnlYM1J2YTJWdVBURTFNemt5T1RNME9EUXdNRGttYldGalBUYzRPVFJDTkVZNU56QXhOUT09
455,PASS,/storage/get_media.mp4?media_id=37377&beacon=TkVVMU5VRXhRVVJHUlRRME5FTkZOME00TmpZeU9FUTBRVEV6UkRaQ1FUZzZkWE5sY2w5dVlXMWxQVGM0T1RSQ05FWTVOekF4TlNaMWMyVnlYM1J2YTJWdVBURTFNemt5T1RNM016TXdPVEVtYldGalBUYzRPVFJDTkVZNU56QXhOUT09
456,PASS,/storage/get_media.mp4?media_id=37378&beacon=UkRNMk56YzNSRGd5TWpZM09FTTJSa1l4TlRKRVJUQTRNMEZEUlRBek9VSTZkWE5sY2w5dVlXMWxQVGM0T1RSQ05FWTVOekF4TlNaMWMyVnlYM1J2YTJWdVBURTFNemt5T1RNNU9ESTVNVFltYldGalBUYzRPVFJDTkVZNU56QXhOUT09
457,PASS,/storage/get_media.mp4?media_id=37379&beacon=TlRSQ05UVkdSRVU0TlRFeU9UYzBNVEUzUWpSR09FUXhSa00wUlVORlFqQTZkWE5sY2w5dVlXMWxQVGM0T1RSQ05FWTVOekF4TlNaMWMyVnlYM1J2YTJWdVBURTFNemt5T1RReU16STVPVFFtYldGalBUYzRPVFJDTkVZNU56QXhOUT09
458,PASS,/storage/get_media.mp4?media_id=37380&beacon=T0VJM056QkROak13TWpJek56bEVNelpEUWtJNE4wRkRSVFpFTjBWRk16TTZkWE5sY2w5dVlXMWxQVGM0T1RSQ05FWTVOekF4TlNaMWMyVnlYM1J2YTJWdVBURTFNemt5T1RRME9EUTJNamNtYldGalBUYzRPVFJDTkVZNU56QXhOUT09
459,PASS,/storage/get_media.mp4?media_id=37381&beacon=TWpBMU5UQTFRa1l6TWtFMFFqQkZOa1pEUlRjMk9UazFOakV5TmpsRE16STZkWE5sY2w5dVlXMWxQVGM0T1RSQ05FWTVOekF4TlNaMWMyVnlYM1J2YTJWdVBURTFNemt5T1RRM016STVOelVtYldGalBUYzRPVFJDTkVZNU56QXhOUT09
460,PASS,/storage/get_media.mp4?media_id=37382&beacon=UlRBelF6UkdPRVEzTURWRFJqZzVRalJETXpSQ1JESTBORU16TURCRlJrVTZkWE5sY2w5dVlXMWxQVGM0T1RSQ05FWTVOekF4TlNaMWMyVnlYM1J2YTJWdVBURTFNemt5T1RVd09UWTFNelFtYldGalBUYzRPVFJDTkVZNU56QXhOUT09
461,PASS,/storage/get_media.mp4?media_id=37383&beacon=UVVJeU1EbENNek16TVVFME1qTXdSRGRHTVROR09VWXpOa1UxT0RkRE9UUTZkWE5sY2w5dVlXMWxQVGM0T1RSQ05FWTVOekF4TlNaMWMyVnlYM1J2YTJWdVBURTFNemt5T1RVME5qSTJPRGNtYldGalBUYzRPVFJDTkVZNU56QXhOUT09
462,PASS,/storage/get_media.mp4?media_id=37384&beacon=UVRJNE16RTJOalV3TlRRNFJFSTFSa1UzTkRjeU5EQTVNa0V6TmtSRFF6WTZkWE5sY2w5dVlXMWxQVGM0T1RSQ05FWTVOekF4TlNaMWMyVnlYM1J2YTJWdVBURTFNemt5T1RVNE1qWTFNREVtYldGalBUYzRPVFJDTkVZNU56QXhOUT09
463,PASS,/storage/get_media.mp4?media_id=37385&beacon=TTBKRlFrWXhNVVpFUVRNME4wWXlOakkwUkRCR05EWTNNekl4TVRRMlEwSTZkWE5sY2w5dVlXMWxQVGM0T1RSQ05FWTVOekF4TlNaMWMyVnlYM1J2YTJWdVBURTFNemt5T1RZeE9EZzBOVFVtYldGalBUYzRPVFJDTkVZNU56QXhOUT09
464,PASS,/storage/get_media.mp4?media_id=37386&beacon=UkRBMVJrRkRNemN4UVRGQk5qSkZOak13UXpCRU9EVTFOamt5UWpJM05qVTZkWE5sY2w5dVlXMWxQVGM0T1RSQ05FWTVOekF4TlNaMWMyVnlYM1J2YTJWdVBURTFNemt5T1RZMU5EYzNOekFtYldGalBUYzRPVFJDTkVZNU56QXhOUT09
465,PASS,/storage/get_media.mp4?media_id=37387&beacon=UXpBMVF6VkJSalkyUXprNVJqUXdNakE1TWpZME9EWkRRVFF6TTBJd01FWTZkWE5sY2w5dVlXMWxQVGM0T1RSQ05FWTVOekF4TlNaMWMyVnlYM1J2YTJWdVBURTFNemt5T1RZNU1UQXpOek1tYldGalBUYzRPVFJDTkVZNU56QXhOUT09
466,PASS,/storage/get_media.mp4?media_id=37388&beacon=UVROQk5rRkRRamhETWpjMVJrUTNPRE0yTkRRd05FVkVORUUwTURNeE9VUTZkWE5sY2w5dVlXMWxQVGM0T1RSQ05FWTVOekF4TlNaMWMyVnlYM1J2YTJWdVBURTFNemt5T1RjeU5qY3lPRFFtYldGalBUYzRPVFJDTkVZNU56QXhOUT09
467,FAIL,/storage/get_media.mp4?media_id=37389&beacon=UVVaR05VUXpPREEwTmpVMVFVUXpRMFJHTTBFMFFrTTNRVFU1TkRBMVJEQTZkWE5sY2w5dVlXMWxQVGM0T1RSQ05FWTVOekF4TlNaMWMyVnlYM1J2YTJWdVBURTFNemt5T1RjMk1qYzBNVE1tYldGalBUYzRPVFJDTkVZNU56QXhOUT09
468,FAIL,/storage/get_media.mp4?media_id=37390&beacon=TWtaQlJFVkdSa1l6UTBVelJFVXhORGMwUmtZMVJqVXlNVVUxUmpVeVJFRTZkWE5sY2w5dVlXMWxQVGM0T1RSQ05FWTVOekF4TlNaMWMyVnlYM1J2YTJWdVBURTFNemt5T1RjM01ERTFOelVtYldGalBUYzRPVFJDTkVZNU56QXhOUT09
469,PASS,/storage/get_media.mp4?media_id=37391&beacon=UWpVNE0wWTJNVFF6TWpCQ1JERXpSa0U0TmpoRE9EYzJORUV3TmtFM05rTTZkWE5sY2w5dVlXMWxQVGM0T1RSQ05FWTVOekF4TlNaMWMyVnlYM1J2YTJWdVBURTFNemt5T1RjM056UTNOakltYldGalBUYzRPVFJDTkVZNU56QXhOUT09
470,FAIL,/storage/get_media.mp4?media_id=37392&beacon=UXpVM09FUTFRVFk1TlRrd01ETkJRamsxTWprNU1rUXpNRVUyTTBFNFFqVTZkWE5sY2w5dVlXMWxQVGM0T1RSQ05FWTVOekF4TlNaMWMyVnlYM1J2YTJWdVBURTFNemt5T1RjNE16a3hNRFltYldGalBUYzRPVFJDTkVZNU56QXhOUT09
471,FAIL,/storage/get_media.mp4?media_id=37393&beacon=UkRKQk16WTNSVE5CTTBKQk5EVkRSVGd4UVRSQ1FVWTROVVEwTVRBek56UTZkWE5sY2w5dVlXMWxQVGM0T1RSQ05FWTVOekF4TlNaMWMyVnlYM1J2YTJWdVBURTFNemt5T1RjNU1EYzRPREVtYldGalBUYzRPVFJDTkVZNU56QXhOUT09
472,PASS,/storage/get_media.mp4?media_id=37394&beacon=UWtNMk16WTNOalF6UkVVMU56WTVOa1E0TXpFMlF6VXdOekl4UkRJNU1qQTZkWE5sY2w5dVlXMWxQVGM0T1RSQ05FWTVOekF4TlNaMWMyVnlYM1J2YTJWdVBURTFNemt5T1RjNU56azBPREFtYldGalBUYzRPVFJDTkVZNU56QXhOUT09
473,FAIL,/storage/get_media.mp4?media_id=37395&beacon=TUVFM05rUkJORUZCUkRneE9Ea3dOMFpCUXpOR00wSkVRVEZDUWtFMlJEYzZkWE5sY2w5dVlXMWxQVGM0T1RSQ05FWTVOekF4TlNaMWMyVnlYM1J2YTJWdVBURTFNemt5T1Rnd016ZzFNRE1tYldGalBUYzRPVFJDTkVZNU56QXhOUT09
474,FAIL,/storage/get_media.mp4?media_id=37396&beacon=UlRFMVF6azBNamRHUkVFNE5EQXpOVEJDTlVJMlFVWTFOalE0UVRVM1F6azZkWE5sY2w5dVlXMWxQVGM0T1RSQ05FWTVOekF4TlNaMWMyVnlYM1J2YTJWdVBURTFNemt5T1RneE1EYzVOakVtYldGalBUYzRPVFJDTkVZNU56QXhOUT09
